"Col001","Col002","Col003","Col004","Col005","Col006","Col007","Col008","Col009","Col010","Col011","Col012","Col013","Col014","Col015"
73,"Self-emp-not-inc",252431,"Some-college",10,"Married-civ-spouse","Prof-specialty","Wife","White","Female",0,0,1,"United-States","<=50K"
54,"?",186565,"Masters",14,"Divorced","?","Not-in-family","White","Male",0,0,1,"United-States","<=50K"
22,"Private",173004,"HS-grad",9,"Never-married","Machine-op-inspct","Other-relative","Black","Male",0,0,1,"United-States","<=50K"
39,"Private",465334,"11th",7,"Divorced","Farming-fishing","Unmarried","White","Male",0,0,1,"United-States","<=50K"
29,"Private",165737,"Bachelors",13,"Never-married","Prof-specialty","Not-in-family","Asian-Pac-Islander","Male",0,0,1,"Japan","<=50K"
62,"Private",312818,"Bachelors",13,"Married-civ-spouse","Exec-managerial","Husband","White","Male",0,1902,1,"United-States",">50K"
32,"?",78374,"Bachelors",13,"Never-married","?","Not-in-family","Asian-Pac-Islander","Female",0,0,1,"United-States","<=50K"
58,"State-gov",109567,"Doctorate",16,"Married-civ-spouse","Prof-specialty","Husband","White","Male",0,0,1,"United-States",">50K"
66,"Self-emp-inc",150726,"9th",5,"Married-civ-spouse","Exec-managerial","Husband","White","Male",1409,0,1,"?","<=50K"
69,"?",195779,"Assoc-voc",11,"Widowed","?","Not-in-family","White","Female",0,0,1,"United-States","<=50K"
28,"Private",106672,"Bachelors",13,"Never-married","Sales","Own-child","White","Male",0,0,2,"United-States","<=50K"
19,"?",218171,"Some-college",10,"Never-married","?","Own-child","Asian-Pac-Islander","Male",0,0,2,"South","<=50K"
46,"Private",168191,"HS-grad",9,"Separated","Craft-repair","Not-in-family","White","Male",0,0,2,"Italy","<=50K"
68,"?",294420,"Bachelors",13,"Widowed","?","Not-in-family","White","Female",0,0,2,"United-States","<=50K"
77,"?",309955,"Assoc-acdm",12,"Married-civ-spouse","?","Husband","White","Male",0,1411,2,"United-States","<=50K"
76,"Self-emp-not-inc",42162,"HS-grad",9,"Widowed","Exec-managerial","Not-in-family","White","Female",0,0,2,"United-States","<=50K"
35,"Self-emp-not-inc",127493,"10th",6,"Married-civ-spouse","Other-service","Wife","White","Female",0,0,2,"United-States","<=50K"
81,"Private",36147,"Prof-school",15,"Married-civ-spouse","Farming-fishing","Husband","White","Male",10605,0,2,"United-States",">50K"
20,"?",112858,"HS-grad",9,"Never-married","?","Own-child","White","Male",0,0,2,"United-States","<=50K"
53,"?",201062,"HS-grad",9,"Married-civ-spouse","?","Wife","Black","Female",0,0,2,"United-States","<=50K"
77,"?",331863,"Some-college",10,"Separated","?","Not-in-family","White","Male",0,0,2,"United-States","<=50K"
23,"Private",199011,"11th",7,"Never-married","Craft-repair","Own-child","White","Male",0,0,3,"United-States","<=50K"
49,"Private",140782,"Bachelors",13,"Married-civ-spouse","Prof-specialty","Wife","White","Female",0,2415,3,"United-States",">50K"
71,"Local-gov",161342,"HS-grad",9,"Divorced","Exec-managerial","Unmarried","White","Female",0,0,3,"United-States","<=50K"
36,"Private",34364,"Assoc-acdm",12,"Separated","Tech-support","Not-in-family","White","Female",0,0,3,"United-States","<=50K"
65,"Self-emp-not-inc",132340,"HS-grad",9,"Married-civ-spouse","Machine-op-inspct","Husband","White","Male",0,0,3,"United-States","<=50K"
84,"?",163443,"7th-8th",4,"Widowed","?","Not-in-family","White","Male",0,0,3,"United-States","<=50K"
71,"Self-emp-not-inc",137723,"HS-grad",9,"Married-civ-spouse","Machine-op-inspct","Husband","White","Male",1455,0,3,"United-States","<=50K"
24,"Private",193416,"Assoc-acdm",12,"Never-married","Other-service","Own-child","White","Female",0,0,3,"United-States","<=50K"
18,"?",149343,"HS-grad",9,"Never-married","?","Own-child","White","Female",0,0,3,"United-States","<=50K"
71,"Private",37435,"Bachelors",13,"Divorced","Adm-clerical","Not-in-family","White","Female",0,0,3,"United-States","<=50K"
64,"?",186535,"Bachelors",13,"Married-civ-spouse","?","Husband","White","Male",3103,0,3,"United-States","<=50K"
55,"Private",266019,"9th",5,"Married-civ-spouse","Handlers-cleaners","Husband","Black","Male",0,0,4,"United-States","<=50K"
70,"Private",132670,"Masters",14,"Married-civ-spouse","Sales","Husband","White","Male",9386,0,4,"United-States",">50K"
18,"Private",114828,"12th",8,"Never-married","Machine-op-inspct","Own-child","White","Male",0,0,4,"United-States","<=50K"
21,"Private",161051,"Some-college",10,"Never-married","Tech-support","Own-child","Black","Female",0,0,4,"United-States","<=50K"
37,"Private",472517,"Assoc-voc",11,"Divorced","Other-service","Not-in-family","White","Female",0,0,4,"United-States","<=50K"
77,"State-gov",267799,"Doctorate",16,"Married-spouse-absent","Prof-specialty","Not-in-family","White","Male",0,0,4,"United-States",">50K"
29,"?",103628,"Bachelors",13,"Married-spouse-absent","?","Not-in-family","White","Female",0,0,4,"India","<=50K"
72,"?",305145,"Bachelors",13,"Widowed","?","Not-in-family","White","Male",0,0,4,"United-States","<=50K"
34,"Private",73928,"10th",6,"Separated","Other-service","Unmarried","Asian-Pac-Islander","Female",0,0,4,"United-States","<=50K"
22,"Federal-gov",280567,"Some-college",10,"Never-married","Transport-moving","Own-child","White","Male",0,0,4,"United-States","<=50K"
67,"?",126514,"Some-college",10,"Widowed","?","Not-in-family","White","Female",0,0,4,"United-States","<=50K"
75,"?",26586,"10th",6,"Married-spouse-absent","?","Not-in-family","White","Female",0,0,5,"United-States","<=50K"
27,"?",108926,"Some-college",10,"Married-civ-spouse","?","Husband","Black","Male",0,0,5,"United-States","<=50K"
28,"?",192257,"Some-college",10,"Married-civ-spouse","?","Husband","White","Male",0,0,5,"United-States","<=50K"
53,"?",394690,"Some-college",10,"Married-civ-spouse","?","Wife","White","Female",0,0,5,"United-States","<=50K"
68,"State-gov",420526,"Masters",14,"Widowed","Prof-specialty","Not-in-family","White","Female",0,0,5,"United-States","<=50K"
73,"Local-gov",222702,"10th",6,"Married-civ-spouse","Farming-fishing","Husband","White","Male",0,0,5,"United-States","<=50K"
41,"?",307589,"Bachelors",13,"Married-civ-spouse","?","Wife","Asian-Pac-Islander","Female",0,0,5,"Philippines","<=50K"
17,"Private",41865,"HS-grad",9,"Never-married","Adm-clerical","Own-child","White","Female",0,0,5,"United-States","<=50K"
68,"Private",322025,"HS-grad",9,"Married-civ-spouse","Transport-moving","Husband","Black","Male",0,0,5,"United-States","<=50K"
23,"?",170456,"Some-college",10,"Never-married","?","Own-child","White","Male",0,0,5,"United-States","<=50K"
43,"Self-emp-not-inc",95246,"Prof-school",15,"Married-civ-spouse","Prof-specialty","Wife","White","Female",0,0,5,"United-States",">50K"
72,"?",132015,"7th-8th",4,"Divorced","?","Not-in-family","White","Female",0,0,6,"United-States","<=50K"
55,"?",125659,"HS-grad",9,"Married-civ-spouse","?","Wife","White","Female",0,0,6,"United-States",">50K"
35,"?",29075,"11th",7,"Divorced","?","Unmarried","Amer-Indian-Eskimo","Female",0,0,6,"United-States","<=50K"
22,"Private",209646,"Bachelors",13,"Never-married","Prof-specialty","Own-child","White","Female",0,0,6,"United-States","<=50K"
30,"Private",622192,"Some-college",10,"Married-civ-spouse","Other-service","Wife","White","Female",0,0,6,"United-States","<=50K"
18,"?",160984,"11th",7,"Never-married","?","Own-child","White","Female",0,0,6,"United-States","<=50K"
74,"Self-emp-inc",148003,"Bachelors",13,"Married-civ-spouse","Adm-clerical","Wife","White","Female",0,0,6,"United-States",">50K"
84,"?",157778,"Some-college",10,"Widowed","?","Not-in-family","White","Female",0,0,6,"United-States","<=50K"
19,"Self-emp-inc",136848,"HS-grad",9,"Never-married","Other-service","Own-child","White","Male",0,0,6,"United-States","<=50K"
67,"Private",142097,"9th",5,"Married-civ-spouse","Priv-house-serv","Wife","White","Female",0,0,6,"United-States","<=50K"
17,"Private",354493,"11th",7,"Never-married","Sales","Own-child","White","Male",0,0,6,"United-States","<=50K"
63,"?",107085,"HS-grad",9,"Widowed","?","Not-in-family","White","Female",0,0,7,"United-States","<=50K"
17,"Private",272372,"11th",7,"Never-married","Adm-clerical","Own-child","White","Female",0,0,7,"United-States","<=50K"
32,"Self-emp-not-inc",158603,"Assoc-voc",11,"Never-married","Sales","Unmarried","White","Female",0,0,7,"United-States","<=50K"
76,"?",209674,"7th-8th",4,"Divorced","?","Not-in-family","White","Female",0,0,7,"United-States","<=50K"
26,"State-gov",239303,"Bachelors",13,"Married-civ-spouse","Adm-clerical","Husband","White","Male",3942,0,7,"United-States","<=50K"
66,"Private",154164,"Assoc-acdm",12,"Never-married","Prof-specialty","Not-in-family","White","Male",0,0,7,"?","<=50K"
23,"State-gov",435835,"Bachelors",13,"Never-married","Prof-specialty","Not-in-family","White","Male",0,0,7,"United-States","<=50K"
49,"Self-emp-not-inc",181717,"Bachelors",13,"Married-civ-spouse","Exec-managerial","Wife","White","Female",0,0,7,"United-States",">50K"
79,"Private",187492,"HS-grad",9,"Married-civ-spouse","Prof-specialty","Husband","White","Male",0,0,7,"United-States","<=50K"
90,"?",50746,"10th",6,"Divorced","?","Not-in-family","White","Female",0,0,7,"United-States","<=50K"
73,"?",132256,"Bachelors",13,"Widowed","?","Unmarried","White","Female",0,0,7,"United-States","<=50K"
64,"?",201368,"Some-college",10,"Married-civ-spouse","?","Husband","White","Male",0,0,8,"United-States","<=50K"
33,"Self-emp-not-inc",48214,"Masters",14,"Married-civ-spouse","Prof-specialty","Wife","White","Female",0,0,8,"United-States","<=50K"
73,"?",145748,"HS-grad",9,"Married-civ-spouse","?","Husband","White","Male",0,0,8,"United-States","<=50K"
30,"Private",127875,"11th",7,"Never-married","Sales","Unmarried","White","Female",0,0,8,"United-States","<=50K"
70,"Self-emp-not-inc",323987,"7th-8th",4,"Married-civ-spouse","Craft-repair","Husband","White","Male",0,0,8,"United-States","<=50K"
46,"Private",165346,"Masters",14,"Divorced","Exec-managerial","Unmarried","White","Female",0,0,8,"United-States","<=50K"
38,"Private",44780,"Bachelors",13,"Married-civ-spouse","Sales","Wife","White","Female",0,0,8,"United-States",">50K"
22,"?",303579,"Some-college",10,"Never-married","?","Own-child","White","Male",0,1602,8,"United-States","<=50K"
22,"Private",117606,"Bachelors",13,"Never-married","Sales","Own-child","White","Female",0,0,8,"United-States","<=50K"
37,"Private",183739,"Masters",14,"Married-civ-spouse","Prof-specialty","Wife","White","Female",0,0,8,"United-States",">50K"
52,"?",91447,"Bachelors",13,"Widowed","?","Not-in-family","White","Female",0,2205,8,"United-States","<=50K"
75,"?",222789,"HS-grad",9,"Widowed","?","Not-in-family","White","Female",0,0,9,"United-States","<=50K"
25,"Federal-gov",178025,"Some-college",10,"Never-married","Exec-managerial","Own-child","White","Male",0,0,9,"United-States","<=50K"
49,"Federal-gov",362679,"Assoc-voc",11,"Married-civ-spouse","Adm-clerical","Husband","White","Male",0,0,9,"United-States",">50K"
18,"Private",294263,"HS-grad",9,"Never-married","Sales","Not-in-family","White","Female",0,0,9,"United-States","<=50K"
67,"Private",126361,"11th",7,"Married-civ-spouse","Other-service","Husband","Black","Male",0,0,9,"United-States",">50K"
18,"Private",145643,"11th",7,"Never-married","Other-service","Own-child","White","Female",0,0,9,"United-States","<=50K"
19,"Private",253529,"12th",8,"Never-married","Adm-clerical","Own-child","White","Male",0,0,9,"United-States","<=50K"
61,"?",108398,"11th",7,"Widowed","?","Unmarried","Black","Female",0,0,9,"United-States","<=50K"
53,"Private",199287,"9th",5,"Never-married","Priv-house-serv","Not-in-family","White","Female",0,0,9,"United-States","<=50K"
74,"Private",99183,"Some-college",10,"Divorced","Adm-clerical","Not-in-family","White","Female",0,0,9,"United-States","<=50K"
17,"Local-gov",32124,"9th",5,"Never-married","Other-service","Own-child","Black","Male",0,0,9,"United-States","<=50K"
55,"Private",104996,"7th-8th",4,"Married-civ-spouse","Craft-repair","Husband","White","Male",0,0,10,"United-States","<=50K"
20,"Federal-gov",244689,"11th",7,"Never-married","Other-service","Own-child","White","Female",0,0,10,"United-States","<=50K"
41,"?",38434,"Masters",14,"Married-civ-spouse","?","Wife","White","Female",7688,0,10,"United-States",">50K"
33,"Private",176410,"Masters",14,"Married-civ-spouse","Prof-specialty","Wife","White","Female",5178,0,10,"United-States",">50K"
73,"?",73402,"Some-college",10,"Married-civ-spouse","?","Husband","White","Male",0,0,10,"United-States","<=50K"
28,"State-gov",293628,"Masters",14,"Divorced","Prof-specialty","Not-in-family","White","Male",0,0,10,"?","<=50K"
38,"?",48976,"HS-grad",9,"Married-civ-spouse","?","Wife","White","Female",0,1887,10,"United-States",">50K"
18,"Private",170183,"HS-grad",9,"Never-married","Adm-clerical","Own-child","White","Female",0,0,10,"United-States","<=50K"
64,"?",192715,"Bachelors",13,"Married-civ-spouse","?","Husband","White","Male",0,1672,10,"United-States","<=50K"
71,"?",113445,"5th-6th",3,"Married-civ-spouse","?","Husband","White","Male",0,0,10,"United-States","<=50K"
53,"Private",258832,"HS-grad",9,"Never-married","Other-service","Other-relative","Asian-Pac-Islander","Male",0,0,10,"Philippines","<=50K"
51,"Private",25031,"Some-college",10,"Married-civ-spouse","Exec-managerial","Wife","White","Female",0,0,10,"United-States",">50K"
71,"?",177906,"Bachelors",13,"Married-civ-spouse","?","Husband","White","Male",0,0,10,"United-States",">50K"
57,"Self-emp-not-inc",27385,"Bachelors",13,"Married-civ-spouse","Sales","Husband","White","Male",0,0,10,"United-States","<=50K"
20,"Private",170091,"Some-college",10,"Never-married","Adm-clerical","Own-child","White","Female",0,0,10,"United-States","<=50K"
21,"Private",304949,"Some-college",10,"Never-married","Prof-specialty","Own-child","White","Female",0,0,10,"United-States","<=50K"
71,"Private",55965,"7th-8th",4,"Widowed","Transport-moving","Not-in-family","White","Male",0,0,10,"United-States","<=50K"
18,"Private",138917,"11th",7,"Never-married","Sales","Own-child","Black","Female",0,0,10,"United-States","<=50K"
84,"Private",388384,"7th-8th",4,"Married-civ-spouse","Prof-specialty","Husband","Black","Male",0,0,10,"United-States","<=50K"
17,"Private",36877,"10th",6,"Never-married","Sales","Own-child","White","Female",0,0,10,"United-States","<=50K"
24,"State-gov",249385,"Bachelors",13,"Never-married","Adm-clerical","Other-relative","White","Female",0,0,10,"United-States","<=50K"
58,"?",148673,"HS-grad",9,"Married-civ-spouse","?","Husband","White","Male",0,0,10,"United-States","<=50K"
20,"?",141453,"Some-college",10,"Never-married","?","Own-child","White","Female",0,0,10,"United-States","<=50K"
20,"Private",403118,"Some-college",10,"Never-married","Other-service","Own-child","White","Female",0,0,11,"United-States","<=50K"
74,"Private",89852,"12th",8,"Married-civ-spouse","Handlers-cleaners","Husband","White","Male",0,0,11,"United-States","<=50K"
21,"Private",35603,"HS-grad",9,"Never-married","Protective-serv","Not-in-family","Black","Male",0,0,11,"United-States","<=50K"
23,"?",38455,"Some-college",10,"Never-married","?","Not-in-family","White","Male",0,0,11,"United-States","<=50K"
21,"State-gov",185554,"Some-college",10,"Never-married","Other-service","Own-child","White","Female",0,0,11,"United-States","<=50K"
27,"Private",165014,"Some-college",10,"Married-civ-spouse","Sales","Own-child","Other","Female",0,0,11,"Mexico","<=50K"
28,"State-gov",140239,"HS-grad",9,"Separated","Other-service","Own-child","White","Female",0,0,11,"United-States","<=50K"
21,"State-gov",51979,"Some-college",10,"Never-married","Other-service","Own-child","White","Female",0,0,11,"United-States","<=50K"
69,"State-gov",208869,"Masters",14,"Married-civ-spouse","Prof-specialty","Husband","White","Male",0,0,11,"United-States","<=50K"
20,"Private",190231,"9th",5,"Never-married","Machine-op-inspct","Own-child","White","Female",0,0,11,"Nicaragua","<=50K"
18,"Private",110230,"10th",6,"Never-married","Other-service","Own-child","White","Male",0,0,11,"United-States","<=50K"
19,"Private",53355,"11th",7,"Never-married","Sales","Not-in-family","White","Male",0,0,12,"United-States","<=50K"
19,"Private",230165,"Some-college",10,"Never-married","Other-service","Own-child","White","Female",0,0,12,"United-States","<=50K"
34,"Private",207564,"Some-college",10,"Married-civ-spouse","Other-service","Wife","White","Female",0,0,12,"United-States",">50K"
22,"Private",143062,"Some-college",10,"Never-married","Farming-fishing","Own-child","White","Male",0,0,12,"United-States","<=50K"
73,"Self-emp-not-inc",214498,"7th-8th",4,"Married-civ-spouse","Farming-fishing","Husband","White","Male",0,0,12,"United-States","<=50K"
65,"?",173309,"7th-8th",4,"Widowed","?","Not-in-family","White","Female",401,0,12,"United-States","<=50K"
50,"Private",143353,"HS-grad",9,"Divorced","Priv-house-serv","Unmarried","Black","Female",0,0,12,"United-States","<=50K"
23,"Private",130959,"Some-college",10,"Married-civ-spouse","Adm-clerical","Husband","White","Male",0,0,12,"United-States","<=50K"
18,"Private",70021,"HS-grad",9,"Never-married","Handlers-cleaners","Own-child","White","Male",0,0,12,"United-States","<=50K"
18,"Private",187221,"HS-grad",9,"Never-married","Other-service","Other-relative","White","Female",0,0,12,"El-Salvador","<=50K"
17,"Private",138507,"10th",6,"Never-married","Handlers-cleaners","Own-child","White","Male",0,0,12,"United-States","<=50K"
21,"Private",204160,"Some-college",10,"Never-married","Sales","Own-child","White","Female",0,0,13,"United-States","<=50K"
50,"Self-emp-not-inc",83311,"Bachelors",13,"Married-civ-spouse","Exec-managerial","Husband","White","Male",0,0,13,"United-States","<=50K"
24,"State-gov",166851,"Masters",14,"Never-married","Prof-specialty","Not-in-family","White","Male",0,0,13,"United-States","<=50K"
22,"Private",74631,"Some-college",10,"Never-married","Handlers-cleaners","Own-child","White","Female",0,0,13,"United-States","<=50K"
76,"Private",199949,"9th",5,"Married-civ-spouse","Protective-serv","Husband","White","Male",0,0,13,"United-States","<=50K"
32,"Private",136935,"HS-grad",9,"Never-married","Other-service","Unmarried","Black","Female",0,0,13,"United-States","<=50K"
18,"Private",577521,"11th",7,"Never-married","Sales","Own-child","White","Male",0,0,13,"United-States","<=50K"
25,"?",219987,"Assoc-acdm",12,"Married-civ-spouse","?","Husband","White","Male",0,0,13,"United-States","<=50K"
19,"Private",60367,"HS-grad",9,"Never-married","Other-service","Own-child","White","Female",0,0,13,"United-States","<=50K"
57,"Self-emp-not-inc",291529,"Bachelors",13,"Married-civ-spouse","Exec-managerial","Husband","White","Male",4386,0,13,"United-States",">50K"
31,"State-gov",123037,"Some-college",10,"Never-married","Tech-support","Not-in-family","White","Male",0,0,13,"United-States","<=50K"
28,"Private",216604,"Some-college",10,"Never-married","Other-service","Not-in-family","Black","Male",0,0,14,"United-States","<=50K"
65,"?",258973,"Some-college",10,"Widowed","?","Not-in-family","White","Female",401,0,14,"United-States","<=50K"
30,"Private",213002,"Some-college",10,"Married-civ-spouse","Tech-support","Husband","Black","Male",0,0,14,"United-States","<=50K"
26,"Self-emp-not-inc",201579,"5th-6th",3,"Never-married","Prof-specialty","Unmarried","White","Male",0,0,14,"Mexico","<=50K"
17,"Private",171461,"10th",6,"Never-married","Sales","Own-child","White","Female",0,0,14,"United-States","<=50K"
72,"?",51216,"HS-grad",9,"Married-civ-spouse","?","Husband","White","Male",0,0,14,"United-States","<=50K"
72,"Self-emp-not-inc",28865,"7th-8th",4,"Married-civ-spouse","Transport-moving","Husband","White","Male",0,0,14,"United-States","<=50K"
17,"?",188758,"10th",6,"Never-married","?","Own-child","White","Male",0,0,14,"United-States","<=50K"
29,"?",429696,"Some-college",10,"Married-civ-spouse","?","Own-child","Black","Female",0,0,14,"United-States","<=50K"
75,"?",34235,"HS-grad",9,"Widowed","?","Not-in-family","White","Female",2964,0,14,"United-States","<=50K"
80,"?",402748,"HS-grad",9,"Widowed","?","Not-in-family","White","Female",0,0,14,"Canada","<=50K"
21,"Private",99970,"Some-college",10,"Never-married","Sales","Own-child","White","Male",0,0,15,"United-States","<=50K"
18,"Private",161245,"11th",7,"Never-married","Other-service","Own-child","White","Male",0,0,15,"United-States","<=50K"
23,"Private",100345,"HS-grad",9,"Never-married","Craft-repair","Other-relative","White","Male",0,0,15,"United-States","<=50K"
67,"Private",72776,"Some-college",10,"Married-civ-spouse","Handlers-cleaners","Husband","White","Male",10566,0,15,"United-States","<=50K"
71,"Self-emp-not-inc",28865,"HS-grad",9,"Married-civ-spouse","Farming-fishing","Husband","White","Male",0,0,15,"United-States","<=50K"
59,"Local-gov",662460,"10th",6,"Widowed","Prof-specialty","Unmarried","White","Female",0,0,15,"United-States","<=50K"
19,"?",426589,"HS-grad",9,"Never-married","?","Own-child","White","Female",0,0,15,"United-States","<=50K"
37,"State-gov",62428,"Some-college",10,"Never-married","Prof-specialty","Unmarried","Black","Female",0,0,15,"United-States","<=50K"
21,"Private",112225,"Some-college",10,"Never-married","Exec-managerial","Own-child","Asian-Pac-Islander","Male",0,0,15,"United-States","<=50K"
66,"?",128614,"10th",6,"Married-civ-spouse","?","Husband","White","Male",0,0,15,"United-States",">50K"
18,"Private",183011,"Some-college",10,"Never-married","Other-service","Own-child","Black","Female",0,0,15,"Haiti","<=50K"
20,"Private",109667,"Some-college",10,"Never-married","Handlers-cleaners","Own-child","White","Male",0,0,16,"United-States","<=50K"
63,"?",156158,"HS-grad",9,"Married-civ-spouse","?","Husband","White","Male",0,0,16,"United-States","<=50K"
20,"?",239805,"Some-college",10,"Never-married","?","Not-in-family","White","Male",0,0,16,"United-States","<=50K"
21,"State-gov",204034,"Some-college",10,"Never-married","Other-service","Not-in-family","White","Female",0,0,16,"United-States","<=50K"
37,"Private",98644,"Bachelors",13,"Married-civ-spouse","Prof-specialty","Wife","White","Female",0,0,16,"?",">50K"
80,"Private",138050,"HS-grad",9,"Married-spouse-absent","Machine-op-inspct","Not-in-family","White","Female",0,0,16,"United-States","<=50K"
37,"State-gov",142282,"HS-grad",9,"Divorced","Other-service","Not-in-family","White","Female",0,0,16,"United-States","<=50K"
45,"?",53540,"11th",7,"Divorced","?","Unmarried","Black","Female",0,0,16,"United-States","<=50K"
23,"State-gov",186634,"Bachelors",13,"Never-married","Adm-clerical","Not-in-family","White","Male",0,0,16,"United-States","<=50K"
40,"?",253717,"11th",7,"Married-civ-spouse","?","Wife","White","Female",0,0,16,"United-States","<=50K"
48,"Private",158685,"HS-grad",9,"Divorced","Other-service","Not-in-family","White","Female",0,0,16,"United-States","<=50K"
75,"Private",239038,"Some-college",10,"Married-civ-spouse","Transport-moving","Husband","White","Male",0,0,16,"United-States","<=50K"
61,"Self-emp-not-inc",171840,"HS-grad",9,"Widowed","Prof-specialty","Unmarried","White","Female",0,0,16,"United-States","<=50K"
37,"Private",109633,"Bachelors",13,"Married-civ-spouse","Prof-specialty","Wife","White","Female",0,0,16,"United-States",">50K"
60,"Private",163665,"Some-college",10,"Married-civ-spouse","Protective-serv","Husband","White","Male",0,0,16,"United-States",">50K"
74,"Private",161387,"HS-grad",9,"Divorced","Handlers-cleaners","Not-in-family","White","Female",0,0,16,"United-States","<=50K"
23,"Private",330571,"Bachelors",13,"Never-married","Prof-specialty","Not-in-family","White","Female",0,0,16,"United-States","<=50K"
30,"Private",176410,"Assoc-voc",11,"Married-civ-spouse","Prof-specialty","Own-child","White","Female",7298,0,16,"United-States",">50K"
21,"Private",457162,"Some-college",10,"Never-married","Sales","Own-child","Black","Male",0,0,17,"United-States","<=50K"
18,"Private",120243,"11th",7,"Never-married","Handlers-cleaners","Own-child","White","Male",0,0,17,"United-States","<=50K"
37,"Private",71592,"HS-grad",9,"Never-married","Other-service","Other-relative","Asian-Pac-Islander","Female",0,0,17,"United-States","<=50K"
22,"State-gov",199266,"Some-college",10,"Never-married","Adm-clerical","Not-in-family","White","Female",0,0,17,"United-States","<=50K"
42,"Private",311920,"Bachelors",13,"Married-civ-spouse","Exec-managerial","Wife","White","Female",0,1485,17,"United-States",">50K"
30,"Local-gov",263650,"Bachelors",13,"Never-married","Sales","Unmarried","Black","Female",0,0,17,"United-States","<=50K"
18,"Private",130849,"HS-grad",9,"Never-married","Adm-clerical","Own-child","White","Female",0,0,17,"United-States","<=50K"
17,"Private",206383,"11th",7,"Never-married","Handlers-cleaners","Own-child","White","Male",0,0,17,"United-States","<=50K"
66,"Self-emp-not-inc",197816,"Bachelors",13,"Married-civ-spouse","Exec-managerial","Husband","White","Male",0,0,17,"United-States",">50K"
69,"Local-gov",142297,"10th",6,"Married-civ-spouse","Adm-clerical","Wife","White","Female",0,0,17,"United-States","<=50K"
28,"Private",113922,"HS-grad",9,"Separated","Transport-moving","Own-child","White","Female",0,0,17,"United-States","<=50K"
39,"Private",156667,"HS-grad",9,"Never-married","Other-service","Not-in-family","White","Male",0,0,18,"United-States","<=50K"
17,"Private",247580,"12th",8,"Never-married","Handlers-cleaners","Own-child","White","Male",0,0,18,"United-States","<=50K"
37,"Private",22149,"HS-grad",9,"Never-married","Other-service","Own-child","Amer-Indian-Eskimo","Male",0,0,18,"United-States","<=50K"
26,"Private",193050,"Some-college",10,"Divorced","Adm-clerical","Unmarried","White","Female",0,0,18,"United-States","<=50K"
20,"Private",59948,"HS-grad",9,"Never-married","Other-service","Own-child","Black","Female",0,0,18,"United-States","<=50K"
34,"Local-gov",398988,"Bachelors",13,"Never-married","Adm-clerical","Own-child","White","Male",0,0,18,"United-States","<=50K"
61,"Private",181028,"Masters",14,"Married-civ-spouse","Prof-specialty","Husband","White","Male",0,0,18,"United-States","<=50K"
18,"Private",132397,"12th",8,"Never-married","Other-service","Own-child","Black","Female",0,0,18,"United-States","<=50K"
42,"?",167710,"Some-college",10,"Divorced","?","Not-in-family","White","Female",0,0,18,"United-States","<=50K"
23,"Private",308498,"10th",6,"Never-married","Craft-repair","Own-child","White","Male",0,0,18,"United-States","<=50K"
19,"State-gov",116385,"Assoc-acdm",12,"Never-married","Adm-clerical","Own-child","White","Female",0,0,18,"United-States","<=50K"
18,"Private",211273,"HS-grad",9,"Never-married","Sales","Own-child","White","Female",0,0,19,"United-States","<=50K"
21,"Private",113106,"HS-grad",9,"Never-married","Sales","Other-relative","White","Female",0,0,19,"United-States","<=50K"
21,"Private",203914,"HS-grad",9,"Married-civ-spouse","Adm-clerical","Wife","White","Female",0,0,19,"United-States","<=50K"
17,"Private",94492,"11th",7,"Never-married","Sales","Own-child","White","Female",0,0,19,"United-States","<=50K"
30,"Private",426017,"11th",7,"Never-married","Other-service","Own-child","White","Female",0,0,19,"United-States","<=50K"
32,"State-gov",203849,"7th-8th",4,"Married-civ-spouse","Handlers-cleaners","Husband","White","Male",0,0,19,"United-States","<=50K"
18,"Private",182042,"11th",7,"Never-married","Other-service","Own-child","White","Female",0,0,19,"United-States","<=50K"
45,"Private",162494,"HS-grad",9,"Never-married","Sales","Own-child","White","Female",0,0,19,"United-States","<=50K"
25,"State-gov",117833,"Some-college",10,"Married-civ-spouse","Exec-managerial","Wife","White","Female",0,0,19,"United-States","<=50K"
59,"Local-gov",114401,"HS-grad",9,"Widowed","Other-service","Not-in-family","White","Female",0,1504,19,"United-States","<=50K"
19,"Private",86150,"11th",7,"Never-married","Sales","Own-child","Asian-Pac-Islander","Female",0,0,19,"Philippines","<=50K"
37,"Private",60548,"HS-grad",9,"Widowed","Machine-op-inspct","Unmarried","White","Female",0,0,20,"United-States","<=50K"
22,"Private",236427,"HS-grad",9,"Never-married","Adm-clerical","Own-child","White","Male",0,0,20,"United-States","<=50K"
18,"Private",54440,"Some-college",10,"Never-married","Other-service","Own-child","White","Male",0,0,20,"United-States","<=50K"
19,"Private",105460,"Some-college",10,"Never-married","Other-service","Own-child","White","Male",0,0,20,"United-States","<=50K"
49,"Federal-gov",77443,"7th-8th",4,"Never-married","Other-service","Not-in-family","Black","Male",0,0,20,"United-States","<=50K"
20,"?",30796,"HS-grad",9,"Never-married","?","Own-child","White","Female",0,0,20,"United-States","<=50K"
50,"Private",114564,"7th-8th",4,"Married-civ-spouse","Machine-op-inspct","Husband","White","Male",0,0,20,"United-States","<=50K"
73,"Local-gov",143437,"HS-grad",9,"Married-civ-spouse","Exec-managerial","Husband","White","Male",0,0,20,"United-States","<=50K"
22,"Federal-gov",104443,"Some-college",10,"Never-married","Adm-clerical","Own-child","White","Female",0,0,20,"United-States","<=50K"
72,"Self-emp-not-inc",243769,"Prof-school",15,"Never-married","Prof-specialty","Not-in-family","White","Male",0,1429,20,"United-States","<=50K"
31,"Private",169085,"11th",7,"Married-civ-spouse","Sales","Wife","White","Female",0,0,20,"United-States","<=50K"
47,"Self-emp-not-inc",173938,"Prof-school",15,"Never-married","Prof-specialty","Not-in-family","White","Male",0,2258,20,"United-States","<=50K"
76,"Local-gov",224058,"10th",6,"Divorced","Transport-moving","Not-in-family","Black","Male",0,0,20,"United-States","<=50K"
18,"Private",308739,"HS-grad",9,"Never-married","Adm-clerical","Own-child","White","Female",0,0,20,"United-States","<=50K"
22,"State-gov",160369,"Some-college",10,"Never-married","Other-service","Own-child","Black","Male",0,0,20,"United-States","<=50K"
19,"Private",136405,"Assoc-voc",11,"Never-married","Other-service","Own-child","White","Female",0,0,20,"United-States","<=50K"
19,"Private",216413,"Some-college",10,"Never-married","Other-service","Own-child","White","Female",0,0,20,"United-States","<=50K"
24,"Private",179423,"Bachelors",13,"Never-married","Adm-clerical","Own-child","White","Female",0,0,20,"United-States","<=50K"
49,"Private",168837,"Assoc-voc",11,"Divorced","Other-service","Unmarried","White","Female",0,0,20,"United-States","<=50K"
19,"Self-emp-inc",108551,"HS-grad",9,"Never-married","Adm-clerical","Own-child","White","Female",0,0,20,"United-States","<=50K"
33,"Local-gov",189145,"Bachelors",13,"Never-married","Prof-specialty","Not-in-family","White","Female",0,0,20,"United-States","<=50K"
20,"?",218875,"Some-college",10,"Never-married","?","Other-relative","White","Female",0,0,20,"United-States","<=50K"
29,"Private",184806,"Assoc-acdm",12,"Never-married","Other-service","Own-child","White","Male",0,0,20,"United-States","<=50K"
20,"Private",34242,"Some-college",10,"Never-married","Other-service","Own-child","White","Male",0,0,20,"United-States","<=50K"
18,"Private",143450,"Some-college",10,"Never-married","Handlers-cleaners","Own-child","Black","Male",0,0,20,"United-States","<=50K"
19,"Private",135066,"Some-college",10,"Never-married","Adm-clerical","Not-in-family","White","Female",0,0,20,"United-States","<=50K"
44,"Private",215479,"HS-grad",9,"Divorced","Transport-moving","Not-in-family","Black","Male",0,0,20,"Haiti","<=50K"
25,"?",394820,"Some-college",10,"Separated","?","Unmarried","White","Female",0,0,20,"United-States","<=50K"
33,"Private",166961,"11th",7,"Separated","Sales","Own-child","White","Female",0,0,20,"United-States","<=50K"
39,"Private",146091,"Bachelors",13,"Married-civ-spouse","Prof-specialty","Wife","White","Female",0,0,20,"United-States",">50K"
26,"Private",267431,"Bachelors",13,"Never-married","Sales","Own-child","Black","Female",0,0,20,"United-States","<=50K"
63,"Private",68872,"HS-grad",9,"Married-civ-spouse","Transport-moving","Wife","Asian-Pac-Islander","Female",0,0,20,"United-States","<=50K"
33,"?",209432,"HS-grad",9,"Separated","?","Unmarried","White","Female",0,0,20,"United-States","<=50K"
24,"Private",301199,"Some-college",10,"Never-married","Tech-support","Own-child","White","Female",0,0,20,"United-States","<=50K"
20,"Private",174714,"Some-college",10,"Never-married","Other-service","Own-child","White","Male",0,0,20,"United-States","<=50K"
67,"Self-emp-not-inc",105907,"1st-4th",2,"Widowed","Other-service","Not-in-family","Black","Female",0,0,20,"United-States","<=50K"
22,"Private",236769,"Bachelors",13,"Never-married","Prof-specialty","Not-in-family","White","Male",0,0,20,"England","<=50K"
58,"Self-emp-inc",229498,"Some-college",10,"Widowed","Sales","Not-in-family","White","Female",0,0,20,"United-States",">50K"
17,"Private",114798,"10th",6,"Never-married","Other-service","Own-child","White","Female",0,0,20,"United-States","<=50K"
33,"State-gov",163110,"Bachelors",13,"Never-married","Prof-specialty","Not-in-family","White","Male",0,0,20,"United-States","<=50K"
26,"Self-emp-not-inc",221626,"HS-grad",9,"Married-civ-spouse","Other-service","Wife","White","Female",0,1579,20,"United-States","<=50K"
67,"Private",192670,"HS-grad",9,"Divorced","Sales","Not-in-family","White","Female",0,0,20,"United-States","<=50K"
19,"State-gov",37332,"HS-grad",9,"Never-married","Adm-clerical","Not-in-family","White","Female",0,0,20,"United-States","<=50K"
18,"Private",126125,"HS-grad",9,"Never-married","Other-service","Own-child","White","Male",0,0,20,"United-States","<=50K"
67,"Local-gov",181220,"Some-college",10,"Divorced","Adm-clerical","Not-in-family","Black","Female",0,0,20,"United-States","<=50K"
20,"Private",184779,"Some-college",10,"Never-married","Tech-support","Own-child","White","Female",0,0,20,"United-States","<=50K"
47,"Private",162302,"HS-grad",9,"Divorced","Adm-clerical","Unmarried","White","Female",0,0,20,"United-States","<=50K"
50,"Private",102346,"Bachelors",13,"Married-civ-spouse","Exec-managerial","Wife","White","Female",0,2415,20,"United-States",">50K"
65,"?",37170,"7th-8th",4,"Married-civ-spouse","?","Husband","White","Male",0,0,20,"United-States","<=50K"
61,"Federal-gov",181081,"HS-grad",9,"Divorced","Adm-clerical","Own-child","Black","Female",0,0,20,"United-States","<=50K"
18,"Private",240543,"11th",7,"Never-married","Other-service","Own-child","White","Female",0,0,20,"United-States","<=50K"
20,"?",189203,"Assoc-acdm",12,"Never-married","?","Not-in-family","White","Male",0,0,20,"United-States","<=50K"
19,"Private",194260,"Some-college",10,"Never-married","Sales","Own-child","White","Female",0,0,20,"United-States","<=50K"
17,"?",171461,"10th",6,"Never-married","?","Own-child","White","Female",0,0,20,"United-States","<=50K"
80,"Self-emp-not-inc",26865,"7th-8th",4,"Never-married","Farming-fishing","Unmarried","White","Male",0,0,20,"United-States","<=50K"
82,"Self-emp-not-inc",71438,"HS-grad",9,"Married-civ-spouse","Farming-fishing","Husband","White","Male",0,0,20,"United-States","<=50K"
49,"Local-gov",78859,"Masters",14,"Widowed","Prof-specialty","Unmarried","White","Female",0,323,20,"United-States","<=50K"
45,"Private",347025,"7th-8th",4,"Widowed","Other-service","Unmarried","White","Female",0,0,21,"United-States","<=50K"
63,"Private",165775,"HS-grad",9,"Married-civ-spouse","Sales","Husband","White","Male",0,0,21,"United-States","<=50K"
56,"Self-emp-inc",76534,"HS-grad",9,"Married-civ-spouse","Exec-managerial","Other-relative","Asian-Pac-Islander","Female",0,0,21,"China","<=50K"
18,"Private",165950,"11th",7,"Never-married","Other-service","Own-child","White","Female",0,0,21,"United-States","<=50K"
67,"Private",92943,"HS-grad",9,"Widowed","Adm-clerical","Unmarried","White","Female",0,0,21,"United-States","<=50K"
22,"Private",61850,"Masters",14,"Never-married","Sales","Other-relative","White","Female",0,0,21,"United-States","<=50K"
35,"Private",38468,"HS-grad",9,"Divorced","Other-service","Unmarried","White","Female",0,0,21,"United-States","<=50K"
34,"Self-emp-not-inc",372793,"Bachelors",13,"Divorced","Exec-managerial","Not-in-family","Black","Male",0,0,21,"?","<=50K"
81,"Self-emp-not-inc",218521,"7th-8th",4,"Married-civ-spouse","Farming-fishing","Husband","White","Male",0,0,21,"United-States","<=50K"
67,"?",183420,"HS-grad",9,"Married-civ-spouse","?","Husband","White","Male",0,0,21,"United-States","<=50K"
38,"State-gov",169926,"Bachelors",13,"Married-civ-spouse","Prof-specialty","Wife","White","Female",0,0,21,"United-States",">50K"
17,"Private",125236,"10th",6,"Never-married","Sales","Own-child","White","Female",0,0,22,"United-States","<=50K"
30,"Private",185177,"HS-grad",9,"Never-married","Handlers-cleaners","Not-in-family","White","Male",0,0,22,"United-States","<=50K"
48,"Private",240175,"11th",7,"Separated","Other-service","Unmarried","Black","Male",0,0,22,"United-States","<=50K"
21,"Private",214542,"Some-college",10,"Never-married","Handlers-cleaners","Own-child","White","Male",0,0,22,"United-States","<=50K"
21,"?",177144,"Some-college",10,"Never-married","?","Own-child","Asian-Pac-Islander","Male",0,0,22,"India","<=50K"
18,"Private",79077,"12th",8,"Never-married","Handlers-cleaners","Own-child","White","Male",0,0,22,"United-States","<=50K"
65,"Private",138247,"Some-college",10,"Widowed","Sales","Not-in-family","White","Female",0,0,22,"United-States","<=50K"
19,"Private",84250,"Some-college",10,"Never-married","Sales","Own-child","White","Female",0,0,22,"United-States","<=50K"
20,"Private",180052,"Some-college",10,"Never-married","Other-service","Own-child","White","Male",0,0,22,"United-States","<=50K"
66,"Private",86321,"HS-grad",9,"Widowed","Transport-moving","Not-in-family","White","Male",0,0,22,"United-States","<=50K"
21,"Local-gov",244074,"HS-grad",9,"Never-married","Other-service","Not-in-family","White","Female",0,0,22,"United-States","<=50K"
18,"Private",186946,"Some-college",10,"Never-married","Machine-op-inspct","Own-child","White","Female",0,0,23,"United-States","<=50K"
55,"Private",176012,"9th",5,"Married-civ-spouse","Tech-support","Wife","White","Female",0,0,23,"United-States","<=50K"
70,"Private",176285,"HS-grad",9,"Divorced","Other-service","Not-in-family","White","Female",0,0,23,"United-States","<=50K"
23,"Private",273206,"Bachelors",13,"Never-married","Adm-clerical","Not-in-family","White","Female",0,0,23,"United-States","<=50K"
42,"Private",160893,"Some-college",10,"Married-civ-spouse","Other-service","Wife","White","Female",0,0,23,"United-States","<=50K"
77,"Private",142646,"7th-8th",4,"Widowed","Priv-house-serv","Unmarried","White","Female",0,0,23,"United-States","<=50K"
32,"Private",187901,"Assoc-voc",11,"Never-married","Exec-managerial","Not-in-family","White","Female",0,0,23,"United-States","<=50K"
32,"Private",372317,"9th",5,"Separated","Other-service","Unmarried","White","Female",0,0,23,"Mexico","<=50K"
17,"Private",260797,"10th",6,"Never-married","Handlers-cleaners","Own-child","White","Female",0,0,23,"United-States","<=50K"
36,"Local-gov",212856,"11th",7,"Never-married","Other-service","Unmarried","White","Female",0,0,23,"United-States","<=50K"
32,"Private",177531,"10th",6,"Divorced","Other-service","Unmarried","Black","Female",0,0,23,"United-States","<=50K"
21,"Private",214399,"Some-college",10,"Never-married","Other-service","Own-child","White","Female",0,1721,24,"United-States","<=50K"
23,"Private",200967,"11th",7,"Never-married","Other-service","Not-in-family","White","Female",0,0,24,"United-States","<=50K"
18,"Private",220754,"11th",7,"Never-married","Handlers-cleaners","Own-child","White","Male",0,0,24,"United-States","<=50K"
38,"Private",272476,"Bachelors",13,"Married-civ-spouse","Prof-specialty","Wife","White","Female",0,0,24,"United-States",">50K"
19,"Private",181652,"Some-college",10,"Never-married","Adm-clerical","Own-child","White","Female",0,0,24,"United-States","<=50K"
51,"?",285200,"HS-grad",9,"Married-civ-spouse","?","Husband","White","Male",2105,0,24,"United-States","<=50K"
49,"Private",191320,"HS-grad",9,"Divorced","Other-service","Not-in-family","White","Female",0,0,24,"United-States","<=50K"
20,"Private",408988,"Some-college",10,"Never-married","Sales","Own-child","White","Female",594,0,24,"United-States","<=50K"
18,"Private",111019,"10th",6,"Never-married","Other-service","Own-child","White","Male",0,0,24,"United-States","<=50K"
68,"Private",178066,"9th",5,"Married-civ-spouse","Craft-repair","Husband","White","Male",1797,0,24,"United-States","<=50K"
67,"Local-gov",197816,"HS-grad",9,"Married-civ-spouse","Prof-specialty","Husband","White","Male",0,0,24,"United-States","<=50K"
18,"Private",84253,"11th",7,"Never-married","Other-service","Own-child","White","Female",0,0,24,"United-States","<=50K"
30,"Private",74966,"Assoc-voc",11,"Married-civ-spouse","Adm-clerical","Wife","White","Female",0,0,24,"United-States","<=50K"
27,"Private",211032,"Preschool",1,"Married-civ-spouse","Farming-fishing","Other-relative","White","Male",41310,0,24,"Mexico","<=50K"
80,"Private",249983,"7th-8th",4,"Widowed","Other-service","Not-in-family","White","Female",0,0,24,"United-States","<=50K"
42,"Private",178537,"HS-grad",9,"Never-married","Other-service","Not-in-family","White","Female",0,0,24,"United-States","<=50K"
21,"Private",176690,"Some-college",10,"Never-married","Other-service","Own-child","White","Male",0,0,24,"United-States","<=50K"
26,"Private",292803,"Some-college",10,"Never-married","Other-service","Own-child","White","Female",0,0,24,"United-States","<=50K"
73,"Self-emp-not-inc",161251,"HS-grad",9,"Widowed","Craft-repair","Not-in-family","White","Male",0,0,24,"United-States","<=50K"
60,"Private",193235,"Assoc-acdm",12,"Married-civ-spouse","Adm-clerical","Husband","White","Male",0,0,24,"United-States","<=50K"
63,"Private",117681,"HS-grad",9,"Divorced","Farming-fishing","Not-in-family","White","Male",0,0,25,"United-States","<=50K"
54,"?",155755,"HS-grad",9,"Divorced","?","Not-in-family","White","Female",4416,0,25,"United-States","<=50K"
77,"?",158847,"Assoc-voc",11,"Married-spouse-absent","?","Not-in-family","White","Female",0,0,25,"United-States","<=50K"
41,"Local-gov",81054,"Some-college",10,"Divorced","Exec-managerial","Unmarried","White","Female",0,0,25,"United-States","<=50K"
27,"?",190650,"Bachelors",13,"Never-married","?","Unmarried","Asian-Pac-Islander","Male",0,0,25,"Philippines","<=50K"
24,"?",154373,"HS-grad",9,"Married-civ-spouse","?","Wife","White","Female",0,0,25,"United-States","<=50K"
20,"Private",378546,"HS-grad",9,"Never-married","Craft-repair","Own-child","White","Male",0,0,25,"United-States","<=50K"
58,"Private",113398,"HS-grad",9,"Never-married","Other-service","Other-relative","White","Male",0,0,25,"United-States","<=50K"
18,"Private",334026,"11th",7,"Never-married","Craft-repair","Own-child","White","Male",0,0,25,"United-States","<=50K"
23,"Private",410439,"HS-grad",9,"Never-married","Adm-clerical","Own-child","White","Male",0,0,25,"United-States","<=50K"
19,"Private",320014,"Some-college",10,"Never-married","Other-service","Own-child","White","Male",0,0,25,"United-States","<=50K"
53,"Self-emp-inc",136823,"11th",7,"Widowed","Exec-managerial","Not-in-family","White","Female",0,0,30,"United-States","<=50K"
22,"Private",123727,"Some-college",10,"Never-married","Handlers-cleaners","Not-in-family","White","Female",0,0,30,"United-States","<=50K"
25,"Private",470203,"Bachelors",13,"Never-married","Prof-specialty","Not-in-family","White","Female",0,0,30,"United-States","<=50K"
72,"?",188009,"7th-8th",4,"Divorced","?","Not-in-family","White","Male",0,0,30,"United-States","<=50K"
48,"Private",196107,"HS-grad",9,"Divorced","Adm-clerical","Not-in-family","White","Female",0,0,30,"United-States","<=50K"
20,"?",187332,"10th",6,"Never-married","?","Not-in-family","White","Female",0,0,30,"United-States","<=50K"
51,"Private",123429,"Assoc-acdm",12,"Divorced","Tech-support","Not-in-family","White","Male",0,0,30,"United-States","<=50K"
17,"Private",182158,"10th",6,"Never-married","Priv-house-serv","Own-child","White","Male",0,0,30,"United-States","<=50K"
45,"Private",221780,"Some-college",10,"Divorced","Handlers-cleaners","Not-in-family","White","Male",0,0,30,"United-States","<=50K"
44,"Local-gov",208528,"Assoc-acdm",12,"Married-civ-spouse","Farming-fishing","Husband","White","Male",0,0,30,"United-States","<=50K"
38,"Self-emp-not-inc",41591,"Bachelors",13,"Never-married","Craft-repair","Not-in-family","Amer-Indian-Eskimo","Male",0,0,30,"United-States","<=50K"
25,"Private",195118,"HS-grad",9,"Never-married","Handlers-cleaners","Other-relative","White","Male",0,0,35,"United-States","<=50K"
22,"?",175586,"HS-grad",9,"Never-married","?","Unmarried","Black","Female",0,0,35,"United-States","<=50K"
18,"Private",266287,"12th",8,"Never-married","Sales","Own-child","White","Female",0,0,35,"United-States","<=50K"
38,"Private",242720,"Masters",14,"Married-civ-spouse","Prof-specialty","Husband","White","Male",0,0,35,"United-States",">50K"
41,"Private",179533,"HS-grad",9,"Married-civ-spouse","Transport-moving","Husband","White","Male",0,0,35,"United-States","<=50K"
27,"Private",19395,"Some-college",10,"Married-civ-spouse","Handlers-cleaners","Wife","White","Female",0,0,35,"United-States","<=50K"
28,"Private",430084,"HS-grad",9,"Divorced","Other-service","Own-child","Black","Male",0,0,35,"United-States","<=50K"
22,"Private",190625,"Some-college",10,"Never-married","Adm-clerical","Own-child","White","Male",0,0,35,"United-States","<=50K"
25,"Self-emp-not-inc",113436,"Some-college",10,"Never-married","Craft-repair","Unmarried","White","Male",0,0,35,"United-States","<=50K"
57,"Self-emp-not-inc",225334,"Prof-school",15,"Married-civ-spouse","Sales","Wife","White","Female",15024,0,35,"United-States",">50K"
50,"Private",106422,"HS-grad",9,"Married-civ-spouse","Sales","Wife","Black","Female",0,1485,37,"United-States",">50K"
35,"Private",97136,"Some-college",10,"Never-married","Other-service","Unmarried","Black","Female",0,0,37,"United-States","<=50K"
59,"Private",171328,"Bachelors",13,"Married-spouse-absent","Prof-specialty","Other-relative","Black","Female",2202,0,37,"United-States","<=50K"
45,"Federal-gov",87207,"HS-grad",9,"Married-civ-spouse","Adm-clerical","Wife","White","Female",0,0,37,"United-States","<=50K"
22,"Private",292055,"Assoc-voc",11,"Never-married","Sales","Not-in-family","White","Female",0,0,37,"United-States","<=50K"
59,"Private",113838,"Bachelors",13,"Widowed","Prof-specialty","Not-in-family","White","Female",4650,0,37,"United-States","<=50K"
35,"Self-emp-not-inc",295279,"Bachelors",13,"Divorced","Sales","Not-in-family","White","Male",0,0,37,"United-States","<=50K"
20,"Private",188923,"Some-college",10,"Never-married","Other-service","Own-child","White","Female",0,0,37,"United-States","<=50K"
61,"Private",242552,"5th-6th",3,"Married-civ-spouse","Machine-op-inspct","Wife","White","Female",0,0,37,"Honduras","<=50K"
35,"Private",208358,"Bachelors",13,"Married-civ-spouse","Exec-managerial","Husband","White","Male",0,0,37,"United-States",">50K"
36,"Private",54229,"Assoc-acdm",12,"Married-civ-spouse","Exec-managerial","Wife","White","Female",0,0,37,"United-States","<=50K"
22,"Private",193090,"HS-grad",9,"Never-married","Sales","Not-in-family","White","Female",0,0,37,"United-States","<=50K"
54,"Private",219737,"HS-grad",9,"Widowed","Sales","Not-in-family","White","Female",0,0,37,"United-States","<=50K"
31,"State-gov",110714,"Some-college",10,"Never-married","Other-service","Own-child","White","Female",0,0,37,"United-States","<=50K"
25,"Private",273792,"HS-grad",9,"Never-married","Craft-repair","Own-child","White","Male",0,0,37,"United-States","<=50K"
46,"State-gov",106444,"Some-college",10,"Married-civ-spouse","Exec-managerial","Husband","Black","Male",7688,0,38,"United-States",">50K"
28,"?",168524,"HS-grad",9,"Married-civ-spouse","?","Own-child","White","Female",0,0,38,"United-States",">50K"
21,"Private",447488,"5th-6th",3,"Never-married","Machine-op-inspct","Other-relative","White","Male",0,0,38,"Mexico","<=50K"
46,"Private",312088,"Bachelors",13,"Married-civ-spouse","Prof-specialty","Husband","White","Male",15024,0,38,"United-States",">50K"
46,"State-gov",149337,"Masters",14,"Never-married","Exec-managerial","Not-in-family","White","Male",0,0,38,"United-States","<=50K"
32,"Private",174201,"HS-grad",9,"Married-civ-spouse","Handlers-cleaners","Husband","White","Male",0,0,38,"United-States",">50K"
30,"Private",169269,"11th",7,"Never-married","Handlers-cleaners","Other-relative","White","Male",0,1721,38,"Puerto-Rico","<=50K"
38,"Local-gov",34744,"Some-college",10,"Divorced","Adm-clerical","Unmarried","White","Female",0,0,38,"United-States","<=50K"
62,"Private",131117,"7th-8th",4,"Divorced","Tech-support","Unmarried","White","Female",0,0,38,"Columbia","<=50K"
23,"Private",193090,"Bachelors",13,"Never-married","Prof-specialty","Not-in-family","White","Female",0,0,38,"United-States","<=50K"
37,"State-gov",108293,"Assoc-acdm",12,"Divorced","Prof-specialty","Unmarried","White","Female",0,0,38,"United-States","<=50K"
30,"Private",251120,"7th-8th",4,"Never-married","Craft-repair","Not-in-family","White","Male",0,0,38,"United-States","<=50K"
44,"Private",77313,"Some-college",10,"Divorced","Adm-clerical","Unmarried","White","Female",0,0,38,"United-States","<=50K"
52,"Private",162238,"Bachelors",13,"Married-civ-spouse","Prof-specialty","Husband","White","Male",0,0,38,"United-States",">50K"
26,"Self-emp-not-inc",177858,"Bachelors",13,"Divorced","Exec-managerial","Not-in-family","White","Male",0,1876,38,"United-States","<=50K"
57,"Private",121362,"Some-college",10,"Widowed","Adm-clerical","Unmarried","White","Female",0,2258,38,"United-States",">50K"
58,"Private",97562,"HS-grad",9,"Married-civ-spouse","Sales","Wife","White","Female",0,0,38,"United-States","<=50K"
38,"Self-emp-inc",54953,"Some-college",10,"Married-civ-spouse","Craft-repair","Husband","White","Male",0,0,38,"United-States","<=50K"
67,"Private",165082,"HS-grad",9,"Never-married","Adm-clerical","Not-in-family","White","Female",0,0,38,"United-States","<=50K"
33,"Private",245659,"Some-college",10,"Separated","Other-service","Unmarried","White","Female",0,0,38,"El-Salvador","<=50K"
56,"State-gov",67662,"Masters",14,"Divorced","Prof-specialty","Not-in-family","White","Female",0,0,39,"United-States","<=50K"
39,"Private",99065,"Some-college",10,"Divorced","Exec-managerial","Unmarried","White","Female",0,0,39,"United-States","<=50K"
19,"Private",151801,"10th",6,"Never-married","Handlers-cleaners","Own-child","White","Male",0,0,39,"United-States","<=50K"
36,"State-gov",86805,"Some-college",10,"Married-civ-spouse","Exec-managerial","Wife","White","Female",7298,0,39,"United-States",">50K"
42,"Private",192569,"Prof-school",15,"Divorced","Prof-specialty","Not-in-family","White","Female",0,0,39,"United-States",">50K"
50,"Private",28952,"Some-college",10,"Married-civ-spouse","Sales","Wife","White","Female",0,0,39,"United-States","<=50K"
37,"Private",103986,"Bachelors",13,"Married-civ-spouse","Prof-specialty","Husband","White","Male",7688,0,39,"United-States",">50K"
37,"Private",179137,"Some-college",10,"Divorced","Adm-clerical","Unmarried","White","Female",0,0,39,"United-States","<=50K"
25,"Private",226802,"11th",7,"Never-married","Machine-op-inspct","Own-child","Black","Male",0,0,40,"United-States","<=50K"
28,"Local-gov",336951,"Assoc-acdm",12,"Married-civ-spouse","Protective-serv","Husband","White","Male",0,0,40,"United-States",">50K"
44,"Private",160323,"Some-college",10,"Married-civ-spouse","Machine-op-inspct","Husband","Black","Male",7688,0,40,"United-States",">50K"
29,"?",227026,"HS-grad",9,"Never-married","?","Unmarried","Black","Male",0,0,40,"United-States","<=50K"
24,"Private",369667,"Some-college",10,"Never-married","Other-service","Unmarried","White","Female",0,0,40,"United-States","<=50K"
65,"Private",184454,"HS-grad",9,"Married-civ-spouse","Machine-op-inspct","Husband","White","Male",6418,0,40,"United-States",">50K"
36,"Federal-gov",212465,"Bachelors",13,"Married-civ-spouse","Adm-clerical","Husband","White","Male",0,0,40,"United-States","<=50K"
25,"Private",205947,"Bachelors",13,"Married-civ-spouse","Prof-specialty","Husband","White","Male",0,0,40,"United-States","<=50K"
23,"Local-gov",258120,"Some-college",10,"Married-civ-spouse","Protective-serv","Husband","White","Male",0,0,40,"United-States","<=50K"
24,"Federal-gov",228724,"Some-college",10,"Never-married","Armed-Forces","Not-in-family","White","Male",0,0,40,"United-States","<=50K"
59,"Federal-gov",98984,"Bachelors",13,"Divorced","Adm-clerical","Not-in-family","White","Male",0,0,40,"United-States","<=50K"
34,"Private",198751,"Masters",14,"Never-married","Other-service","Not-in-family","Amer-Indian-Eskimo","Male",0,0,40,"United-States","<=50K"
20,"Private",479296,"HS-grad",9,"Never-married","Handlers-cleaners","Own-child","White","Male",0,0,40,"United-States","<=50K"
25,"Private",235218,"Bachelors",13,"Never-married","Exec-managerial","Own-child","White","Female",0,0,40,"United-States","<=50K"
49,"Private",164877,"10th",6,"Married-civ-spouse","Farming-fishing","Husband","White","Male",0,0,40,"United-States","<=50K"
59,"Private",272087,"HS-grad",9,"Married-civ-spouse","Transport-moving","Husband","White","Male",0,0,40,"United-States",">50K"
20,"Private",169699,"HS-grad",9,"Never-married","Adm-clerical","Not-in-family","White","Female",0,0,40,"United-States","<=50K"
21,"Private",256504,"HS-grad",9,"Never-married","Other-service","Not-in-family","White","Female",0,0,40,"United-States","<=50K"
24,"Private",314819,"Some-college",10,"Never-married","Craft-repair","Not-in-family","White","Male",2174,0,40,"United-States","<=50K"
41,"Self-emp-not-inc",264663,"11th",7,"Divorced","Other-service","Not-in-family","White","Female",0,0,40,"United-States","<=50K"
32,"Private",294121,"Assoc-voc",11,"Divorced","Adm-clerical","Not-in-family","White","Female",0,0,40,"United-States","<=50K"
26,"Private",241626,"HS-grad",9,"Divorced","Adm-clerical","Not-in-family","White","Male",0,0,40,"United-States","<=50K"
50,"State-gov",137815,"Bachelors",13,"Married-civ-spouse","Craft-repair","Husband","White","Male",0,0,40,"United-States",">50K"
62,"Self-emp-inc",153891,"Assoc-voc",11,"Married-civ-spouse","Exec-managerial","Husband","White","Male",3137,0,40,"United-States","<=50K"
44,"Self-emp-inc",57233,"Some-college",10,"Married-civ-spouse","Craft-repair","Husband","White","Male",0,0,40,"United-States",">50K"
44,"Private",211517,"12th",8,"Divorced","Other-service","Not-in-family","White","Male",0,0,40,"United-States","<=50K"
65,"Self-emp-not-inc",72776,"7th-8th",4,"Never-married","Farming-fishing","Not-in-family","White","Male",2964,0,40,"United-States","<=50K"
26,"Private",171114,"Bachelors",13,"Never-married","Adm-clerical","Not-in-family","White","Female",0,0,40,"United-States","<=50K"
30,"Private",381030,"Some-college",10,"Never-married","Craft-repair","Not-in-family","Black","Male",0,0,40,"United-States","<=50K"
45,"Private",180010,"HS-grad",9,"Divorced","Sales","Own-child","White","Female",0,0,40,"United-States","<=50K"
39,"Private",189382,"Some-college",10,"Never-married","Adm-clerical","Not-in-family","White","Female",0,0,40,"United-States","<=50K"
20,"?",68620,"Some-college",10,"Never-married","?","Own-child","White","Male",0,0,40,"United-States","<=50K"
39,"Private",352188,"Bachelors",13,"Never-married","Adm-clerical","Not-in-family","White","Male",0,0,40,"United-States","<=50K"
26,"Private",269168,"Some-college",10,"Married-civ-spouse","Exec-managerial","Husband","Asian-Pac-Islander","Male",0,0,40,"United-States","<=50K"
20,"?",123536,"Some-college",10,"Never-married","?","Not-in-family","Asian-Pac-Islander","Female",0,0,40,"United-States","<=50K"
40,"Private",173651,"Some-college",10,"Married-civ-spouse","Prof-specialty","Husband","White","Male",0,0,40,"United-States",">50K"
30,"Private",181212,"Some-college",10,"Never-married","Exec-managerial","Other-relative","White","Female",0,0,40,"United-States","<=50K"
45,"?",69596,"10th",6,"Divorced","?","Unmarried","White","Female",0,0,40,"United-States","<=50K"
40,"Private",262461,"HS-grad",9,"Married-civ-spouse","Machine-op-inspct","Husband","Black","Male",0,0,40,"United-States","<=50K"
35,"Private",342642,"Masters",14,"Married-spouse-absent","Protective-serv","Not-in-family","White","Male",0,0,40,"United-States","<=50K"
24,"Private",211968,"Bachelors",13,"Never-married","Tech-support","Not-in-family","White","Female",0,0,40,"United-States","<=50K"
30,"Private",391114,"Assoc-acdm",12,"Never-married","Sales","Not-in-family","White","Male",0,0,40,"United-States","<=50K"
41,"Private",192602,"Some-college",10,"Married-civ-spouse","Craft-repair","Husband","White","Male",0,0,40,"United-States",">50K"
61,"Private",328881,"Bachelors",13,"Married-civ-spouse","Prof-specialty","Husband","White","Male",0,1902,40,"United-States",">50K"
37,"Private",165034,"HS-grad",9,"Married-civ-spouse","Handlers-cleaners","Husband","White","Male",0,2002,40,"United-States","<=50K"
42,"Private",360879,"Some-college",10,"Married-civ-spouse","Craft-repair","Husband","White","Male",0,0,40,"United-States","<=50K"
32,"Private",115066,"Some-college",10,"Married-civ-spouse","Tech-support","Husband","White","Male",0,0,40,"United-States","<=50K"
31,"Private",409172,"Some-college",10,"Married-civ-spouse","Craft-repair","Husband","White","Male",0,0,40,"United-States","<=50K"
60,"Federal-gov",49921,"9th",5,"Divorced","Other-service","Not-in-family","Black","Female",0,0,40,"United-States","<=50K"
47,"Self-emp-inc",209460,"Some-college",10,"Married-civ-spouse","Exec-managerial","Husband","White","Male",4386,0,40,"United-States",">50K"
37,"Private",356250,"HS-grad",9,"Married-civ-spouse","Craft-repair","Husband","Asian-Pac-Islander","Male",0,0,40,"South","<=50K"
27,"?",200381,"Some-college",10,"Never-married","?","Own-child","White","Female",0,0,40,"United-States","<=50K"
35,"Private",300333,"Assoc-voc",11,"Married-civ-spouse","Sales","Husband","White","Male",0,0,40,"Dominican-Republic",">50K"
30,"Private",154843,"Masters",14,"Never-married","Prof-specialty","Not-in-family","White","Male",0,0,40,"India","<=50K"
43,"Local-gov",115511,"Some-college",10,"Married-civ-spouse","Farming-fishing","Husband","White","Male",0,2002,40,"United-States","<=50K"
19,"Private",73461,"HS-grad",9,"Never-married","Tech-support","Not-in-family","Black","Male",0,0,40,"United-States","<=50K"
35,"Private",230279,"HS-grad",9,"Never-married","Machine-op-inspct","Unmarried","White","Female",0,0,40,"United-States","<=50K"
52,"Private",89041,"Bachelors",13,"Married-civ-spouse","Sales","Husband","White","Male",0,0,40,"United-States",">50K"
41,"State-gov",92717,"Some-college",10,"Never-married","Adm-clerical","Unmarried","Black","Female",0,1504,40,"United-States","<=50K"
40,"Private",145166,"HS-grad",9,"Married-civ-spouse","Craft-repair","Husband","White","Male",4064,0,40,"United-States","<=50K"
34,"Private",141841,"HS-grad",9,"Separated","Craft-repair","Own-child","Black","Male",0,0,40,"United-States","<=50K"
36,"Private",214008,"Some-college",10,"Married-civ-spouse","Adm-clerical","Husband","White","Male",0,0,40,"United-States",">50K"
42,"State-gov",273869,"HS-grad",9,"Divorced","Protective-serv","Unmarried","White","Female",0,0,40,"United-States","<=50K"
25,"Private",48029,"Some-college",10,"Married-civ-spouse","Exec-managerial","Husband","White","Male",0,0,40,"United-States",">50K"
55,"Private",112529,"5th-6th",3,"Never-married","Transport-moving","Not-in-family","Black","Male",0,0,40,"United-States","<=50K"
31,"Private",182699,"Assoc-acdm",12,"Married-civ-spouse","Craft-repair","Husband","Black","Male",0,0,40,"United-States","<=50K"
33,"Private",101867,"HS-grad",9,"Never-married","Machine-op-inspct","Unmarried","Asian-Pac-Islander","Male",0,0,40,"Philippines","<=50K"
40,"Private",33895,"HS-grad",9,"Divorced","Tech-support","Not-in-family","White","Female",0,0,40,"United-States","<=50K"
27,"Private",226441,"Bachelors",13,"Never-married","Prof-specialty","Other-relative","White","Female",0,0,40,"United-States","<=50K"
41,"State-gov",119721,"Some-college",10,"Married-civ-spouse","Prof-specialty","Husband","White","Male",0,0,40,"United-States",">50K"
35,"Private",105813,"Some-college",10,"Married-civ-spouse","Handlers-cleaners","Husband","White","Male",0,0,40,"United-States","<=50K"
42,"State-gov",191814,"HS-grad",9,"Married-civ-spouse","Craft-repair","Husband","White","Male",0,0,40,"United-States","<=50K"
47,"Private",201595,"HS-grad",9,"Never-married","Adm-clerical","Unmarried","White","Male",0,0,40,"United-States","<=50K"
20,"?",313045,"Some-college",10,"Never-married","?","Own-child","White","Female",0,0,40,"United-States","<=50K"
22,"Private",303781,"Some-college",10,"Never-married","Craft-repair","Own-child","Black","Male",0,0,40,"United-States","<=50K"
23,"Private",236769,"Some-college",10,"Never-married","Handlers-cleaners","Own-child","White","Male",0,0,40,"United-States","<=50K"
59,"Private",144962,"HS-grad",9,"Widowed","Machine-op-inspct","Not-in-family","White","Female",0,0,40,"United-States","<=50K"
47,"Local-gov",398397,"Masters",14,"Never-married","Tech-support","Not-in-family","White","Male",0,0,40,"United-States","<=50K"
38,"Private",129764,"Some-college",10,"Divorced","Sales","Unmarried","White","Male",1506,0,50,"United-States","<=50K"
29,"Private",189702,"Bachelors",13,"Never-married","Prof-specialty","Not-in-family","White","Male",10520,0,50,"United-States",">50K"
37,"Private",237943,"Assoc-voc",11,"Married-civ-spouse","Craft-repair","Husband","White","Male",0,0,50,"Poland","<=50K"
43,"Self-emp-not-inc",215896,"Some-college",10,"Married-civ-spouse","Machine-op-inspct","Wife","White","Female",0,0,50,"United-States","<=50K"
36,"Private",359131,"Some-college",10,"Never-married","Exec-managerial","Not-in-family","White","Female",0,0,50,"United-States","<=50K"
29,"Private",217424,"Masters",14,"Never-married","Exec-managerial","Not-in-family","White","Female",0,0,50,"United-States",">50K"
50,"Self-emp-not-inc",391016,"Assoc-acdm",12,"Married-civ-spouse","Craft-repair","Husband","White","Male",0,0,50,"United-States","<=50K"
38,"Private",30509,"Assoc-voc",11,"Married-civ-spouse","Prof-specialty","Wife","White","Female",3908,0,50,"United-States","<=50K"
47,"Self-emp-inc",85109,"Doctorate",16,"Married-civ-spouse","Prof-specialty","Husband","White","Male",0,0,50,"United-States","<=50K"
22,"Private",316304,"Some-college",10,"Never-married","Farming-fishing","Own-child","White","Male",0,0,50,"United-States","<=50K"
44,"Private",347653,"Assoc-voc",11,"Married-civ-spouse","Exec-managerial","Husband","White","Male",0,0,50,"Germany","<=50K"
46,"Local-gov",126754,"Bachelors",13,"Married-civ-spouse","Craft-repair","Husband","White","Male",0,0,50,"United-States",">50K"
35,"Private",102976,"HS-grad",9,"Divorced","Exec-managerial","Not-in-family","White","Male",0,0,50,"United-States","<=50K"
39,"Private",141584,"Some-college",10,"Married-civ-spouse","Tech-support","Husband","White","Male",0,0,50,"United-States","<=50K"
44,"Private",91674,"Masters",14,"Married-civ-spouse","Exec-managerial","Husband","White","Male",0,0,50,"United-States",">50K"
40,"Private",205680,"Masters",14,"Married-civ-spouse","Exec-managerial","Husband","White","Male",0,0,50,"United-States","<=50K"
28,"Private",364946,"Masters",14,"Never-married","Prof-specialty","Not-in-family","White","Male",0,0,50,"United-States","<=50K"
40,"Private",199191,"Masters",14,"Divorced","Exec-managerial","Not-in-family","White","Female",0,0,50,"England",">50K"
39,"Self-emp-inc",172927,"Assoc-acdm",12,"Married-civ-spouse","Prof-specialty","Husband","White","Male",15024,0,50,"United-States",">50K"
60,"Private",169204,"HS-grad",9,"Married-civ-spouse","Exec-managerial","Husband","White","Male",0,0,50,"United-States","<=50K"
32,"Private",80356,"Bachelors",13,"Married-civ-spouse","Tech-support","Husband","White","Male",0,0,50,"United-States","<=50K"
35,"Self-emp-inc",237713,"Prof-school",15,"Married-civ-spouse","Prof-specialty","Husband","White","Male",0,0,50,"United-States",">50K"
42,"Private",228456,"Bachelors",13,"Separated","Other-service","Other-relative","Black","Male",0,0,50,"United-States","<=50K"
27,"Private",428030,"Bachelors",13,"Never-married","Craft-repair","Not-in-family","White","Male",0,0,50,"United-States","<=50K"
53,"?",135105,"Bachelors",13,"Divorced","?","Not-in-family","White","Female",0,0,50,"United-States","<=50K"
31,"Private",99928,"Masters",14,"Married-civ-spouse","Prof-specialty","Wife","White","Female",0,0,50,"United-States","<=50K"
51,"Private",259323,"Bachelors",13,"Married-civ-spouse","Exec-managerial","Husband","White","Male",0,0,50,"United-States",">50K"
38,"Private",182609,"Bachelors",13,"Married-civ-spouse","Sales","Husband","White","Male",0,0,50,"Poland","<=50K"
66,"Self-emp-not-inc",167687,"HS-grad",9,"Married-civ-spouse","Farming-fishing","Husband","White","Male",1409,0,50,"United-States","<=50K"
41,"Private",180138,"Bachelors",13,"Married-civ-spouse","Exec-managerial","Husband","White","Male",0,0,50,"Iran",">50K"
24,"State-gov",273905,"Assoc-acdm",12,"Married-civ-spouse","Protective-serv","Husband","White","Male",0,0,50,"United-States","<=50K"
43,"Private",50356,"Some-college",10,"Married-civ-spouse","Craft-repair","Husband","White","Male",0,1485,50,"United-States","<=50K"
43,"Private",187728,"Some-college",10,"Married-civ-spouse","Prof-specialty","Wife","White","Female",0,1887,50,"United-States",">50K"
38,"Private",172927,"HS-grad",9,"Married-civ-spouse","Sales","Husband","White","Male",0,0,50,"United-States","<=50K"
27,"Private",301302,"Bachelors",13,"Never-married","Craft-repair","Not-in-family","White","Male",0,0,50,"United-States","<=50K"
31,"Local-gov",188798,"Bachelors",13,"Never-married","Exec-managerial","Not-in-family","White","Female",0,0,50,"United-States","<=50K"
41,"Private",50122,"Assoc-voc",11,"Divorced","Sales","Own-child","White","Male",0,0,50,"United-States","<=50K"
31,"Private",203488,"Bachelors",13,"Married-civ-spouse","Adm-clerical","Husband","White","Male",7298,0,50,"United-States",">50K"
31,"Private",194055,"HS-grad",9,"Married-civ-spouse","Transport-moving","Husband","White","Male",0,0,50,"United-States","<=50K"
34,"Private",114691,"Some-college",10,"Married-civ-spouse","Exec-managerial","Husband","White","Male",0,0,50,"United-States",">50K"
26,"Private",117833,"Bachelors",13,"Never-married","Exec-managerial","Not-in-family","White","Female",0,1669,50,"United-States","<=50K"
20,"Private",121568,"HS-grad",9,"Married-civ-spouse","Handlers-cleaners","Husband","White","Male",0,0,50,"United-States","<=50K"
37,"Private",265038,"Some-college",10,"Married-civ-spouse","Transport-moving","Husband","White","Male",0,0,50,"United-States","<=50K"
46,"Private",189680,"Some-college",10,"Married-civ-spouse","Sales","Husband","White","Male",0,0,50,"United-States",">50K"
49,"State-gov",183710,"Doctorate",16,"Married-civ-spouse","Exec-managerial","Husband","White","Male",0,0,50,"United-States",">50K"
36,"Private",165799,"Masters",14,"Married-civ-spouse","Sales","Husband","White","Male",0,0,50,"United-States",">50K"
30,"Federal-gov",355789,"HS-grad",9,"Never-married","Adm-clerical","Not-in-family","Black","Female",0,0,50,"United-States","<=50K"
39,"Private",110713,"Bachelors",13,"Married-civ-spouse","Sales","Husband","White","Male",0,0,50,"United-States",">50K"
45,"Self-emp-not-inc",225456,"Bachelors",13,"Married-civ-spouse","Exec-managerial","Husband","White","Male",0,0,50,"United-States",">50K"
43,"Private",118308,"Bachelors",13,"Married-civ-spouse","Prof-specialty","Husband","White","Male",0,1977,50,"United-States",">50K"
36,"Private",447346,"HS-grad",9,"Married-civ-spouse","Sales","Husband","White","Male",0,0,50,"United-States",">50K"
48,"State-gov",99086,"Bachelors",13,"Never-married","Exec-managerial","Not-in-family","White","Female",0,0,50,"United-States","<=50K"
46,"Private",504725,"5th-6th",3,"Separated","Handlers-cleaners","Not-in-family","White","Male",0,0,50,"Mexico","<=50K"
50,"Private",148953,"HS-grad",9,"Married-civ-spouse","Transport-moving","Husband","White","Male",0,0,50,"United-States",">50K"
43,"Private",130126,"Bachelors",13,"Married-civ-spouse","Exec-managerial","Husband","White","Male",15024,0,50,"United-States",">50K"
41,"Local-gov",158688,"Bachelors",13,"Married-civ-spouse","Protective-serv","Husband","White","Male",0,0,50,"United-States","<=50K"
30,"Private",149531,"HS-grad",9,"Married-civ-spouse","Craft-repair","Husband","White","Male",0,0,50,"United-States","<=50K"
53,"Private",290640,"HS-grad",9,"Married-civ-spouse","Other-service","Husband","White","Male",0,0,50,"Germany",">50K"
30,"Private",171598,"Bachelors",13,"Married-spouse-absent","Sales","Not-in-family","White","Female",0,0,50,"United-States","<=50K"
27,"Private",213421,"Prof-school",15,"Never-married","Prof-specialty","Not-in-family","White","Male",0,0,50,"United-States","<=50K"
19,"Self-emp-not-inc",67929,"Some-college",10,"Never-married","Farming-fishing","Own-child","White","Male",0,0,50,"United-States","<=50K"
50,"Private",237868,"Masters",14,"Married-civ-spouse","Exec-managerial","Husband","White","Male",0,0,50,"United-States",">50K"
25,"Private",344804,"HS-grad",9,"Married-civ-spouse","Other-service","Husband","White","Male",0,0,50,"Mexico","<=50K"
56,"Private",245215,"Doctorate",16,"Married-civ-spouse","Prof-specialty","Husband","White","Male",0,0,50,"United-States","<=50K"
51,"Private",95946,"Bachelors",13,"Married-civ-spouse","Prof-specialty","Husband","White","Male",0,0,50,"United-States",">50K"
37,"Private",176073,"Some-college",10,"Divorced","Craft-repair","Not-in-family","White","Male",0,0,50,"United-States","<=50K"
38,"Private",187870,"Bachelors",13,"Married-civ-spouse","Prof-specialty","Husband","White","Male",7298,0,50,"United-States",">50K"
42,"Private",144002,"HS-grad",9,"Divorced","Transport-moving","Not-in-family","White","Male",0,0,50,"United-States","<=50K"
50,"Local-gov",46401,"Bachelors",13,"Divorced","Prof-specialty","Unmarried","White","Female",0,0,50,"United-States","<=50K"
36,"Self-emp-inc",180477,"Some-college",10,"Married-civ-spouse","Exec-managerial","Husband","White","Male",0,0,50,"United-States",">50K"
34,"Self-emp-inc",209538,"Bachelors",13,"Married-civ-spouse","Sales","Husband","White","Male",0,0,50,"United-States",">50K"
41,"Private",182303,"Some-college",10,"Married-civ-spouse","Sales","Husband","White","Male",0,0,50,"United-States",">50K"
55,"?",200235,"HS-grad",9,"Married-civ-spouse","?","Husband","White","Male",0,0,50,"United-States",">50K"
29,"Private",119793,"Some-college",10,"Never-married","Sales","Other-relative","White","Male",0,0,50,"United-States","<=50K"
47,"Private",121124,"Bachelors",13,"Married-civ-spouse","Craft-repair","Husband","White","Male",15024,0,50,"United-States",">50K"
38,"Private",63509,"Assoc-voc",11,"Married-civ-spouse","Craft-repair","Husband","White","Male",0,0,50,"United-States","<=50K"
45,"Local-gov",54190,"Masters",14,"Married-civ-spouse","Prof-specialty","Husband","White","Male",0,0,50,"United-States",">50K"
66,"?",210750,"Some-college",10,"Married-civ-spouse","?","Husband","White","Male",0,0,50,"United-States","<=50K"
33,"Private",181372,"Masters",14,"Married-civ-spouse","Exec-managerial","Wife","White","Female",0,0,50,"United-States",">50K"
49,"Self-emp-not-inc",99335,"Some-college",10,"Married-civ-spouse","Sales","Husband","White","Male",0,0,50,"United-States","<=50K"
31,"Private",54318,"Bachelors",13,"Married-civ-spouse","Exec-managerial","Husband","White","Male",0,0,50,"United-States",">50K"
54,"Self-emp-inc",98051,"Some-college",10,"Married-civ-spouse","Sales","Husband","White","Male",0,0,54,"United-States",">50K"
32,"Private",168854,"HS-grad",9,"Married-civ-spouse","Other-service","Husband","White","Male",0,0,54,"United-States","<=50K"
41,"Private",195661,"Some-college",10,"Married-civ-spouse","Transport-moving","Husband","White","Male",0,0,54,"United-States","<=50K"
29,"Private",101597,"Some-college",10,"Divorced","Sales","Unmarried","White","Female",0,0,54,"United-States","<=50K"
32,"Private",236543,"12th",8,"Divorced","Protective-serv","Own-child","White","Male",0,0,54,"Mexico","<=50K"
26,"Private",78424,"Assoc-voc",11,"Never-married","Sales","Unmarried","White","Female",0,0,54,"United-States","<=50K"
34,"Federal-gov",419691,"Bachelors",13,"Married-civ-spouse","Protective-serv","Husband","White","Male",7298,0,54,"United-States",">50K"
18,"Private",333611,"5th-6th",3,"Never-married","Other-service","Other-relative","White","Male",0,0,54,"Mexico","<=50K"
38,"Private",172571,"Bachelors",13,"Married-civ-spouse","Exec-managerial","Husband","White","Male",0,1848,54,"United-States",">50K"
23,"Private",419554,"HS-grad",9,"Married-civ-spouse","Exec-managerial","Husband","White","Male",0,0,54,"United-States","<=50K"
37,"Local-gov",184474,"HS-grad",9,"Divorced","Other-service","Unmarried","White","Female",2977,0,55,"United-States","<=50K"
32,"Self-emp-not-inc",178109,"10th",6,"Married-civ-spouse","Exec-managerial","Husband","White","Male",0,0,55,"United-States","<=50K"
38,"Local-gov",196673,"Bachelors",13,"Married-civ-spouse","Prof-specialty","Wife","White","Female",0,0,55,"United-States","<=50K"
42,"Private",199018,"HS-grad",9,"Married-civ-spouse","Adm-clerical","Husband","White","Male",0,0,55,"United-States",">50K"
55,"Self-emp-not-inc",129786,"HS-grad",9,"Married-civ-spouse","Craft-repair","Husband","White","Male",0,0,55,"United-States","<=50K"
32,"Private",188108,"HS-grad",9,"Married-civ-spouse","Craft-repair","Husband","White","Male",0,0,55,"United-States","<=50K"
48,"Self-emp-not-inc",102102,"11th",7,"Married-civ-spouse","Craft-repair","Husband","White","Male",0,0,55,"United-States","<=50K"
40,"Private",85604,"Masters",14,"Married-civ-spouse","Prof-specialty","Husband","White","Male",0,0,55,"United-States","<=50K"
55,"Self-emp-not-inc",76901,"Assoc-acdm",12,"Married-civ-spouse","Exec-managerial","Husband","White","Male",0,0,55,"United-States",">50K"
18,"Private",426895,"12th",8,"Never-married","Farming-fishing","Own-child","White","Male",0,0,55,"United-States","<=50K"
39,"Private",181553,"Bachelors",13,"Divorced","Exec-managerial","Not-in-family","White","Male",0,0,55,"United-States","<=50K"
28,"Private",187479,"Some-college",10,"Married-civ-spouse","Exec-managerial","Husband","White","Male",0,0,55,"United-States","<=50K"
61,"Private",68268,"10th",6,"Married-civ-spouse","Farming-fishing","Husband","White","Male",0,0,55,"United-States","<=50K"
43,"State-gov",270721,"Bachelors",13,"Married-civ-spouse","Exec-managerial","Husband","White","Male",0,0,55,"United-States",">50K"
30,"Private",54929,"HS-grad",9,"Married-civ-spouse","Sales","Husband","White","Male",0,0,55,"United-States","<=50K"
54,"Private",153486,"HS-grad",9,"Divorced","Transport-moving","Not-in-family","White","Male",0,0,56,"United-States",">50K"
47,"Self-emp-not-inc",159869,"HS-grad",9,"Married-civ-spouse","Farming-fishing","Husband","White","Male",0,0,56,"United-States",">50K"
32,"Local-gov",19302,"Assoc-acdm",12,"Married-civ-spouse","Protective-serv","Husband","White","Male",0,0,56,"England",">50K"
44,"Private",35910,"Bachelors",13,"Married-civ-spouse","Exec-managerial","Husband","White","Male",0,1902,56,"United-States",">50K"
36,"Private",191335,"Some-college",10,"Married-civ-spouse","Craft-repair","Husband","White","Male",0,0,56,"United-States","<=50K"
40,"Private",138975,"HS-grad",9,"Married-civ-spouse","Craft-repair","Husband","White","Male",0,0,56,"United-States","<=50K"
51,"State-gov",193720,"HS-grad",9,"Married-civ-spouse","Craft-repair","Husband","White","Male",0,0,56,"United-States",">50K"
53,"Private",247651,"7th-8th",4,"Divorced","Machine-op-inspct","Unmarried","Black","Female",0,0,56,"United-States","<=50K"
33,"Local-gov",190290,"Assoc-voc",11,"Never-married","Protective-serv","Not-in-family","White","Male",0,0,56,"United-States","<=50K"
44,"Private",110396,"Masters",14,"Never-married","Exec-managerial","Not-in-family","White","Male",14084,0,56,"United-States",">50K"
48,"Private",119471,"Assoc-voc",11,"Married-civ-spouse","Other-service","Husband","Asian-Pac-Islander","Male",0,0,56,"Philippines",">50K"
23,"Private",220993,"HS-grad",9,"Married-civ-spouse","Sales","Not-in-family","Black","Male",0,0,60,"United-States","<=50K"
57,"Self-emp-not-inc",112772,"HS-grad",9,"Married-civ-spouse","Craft-repair","Husband","White","Male",0,0,60,"United-States","<=50K"
57,"Federal-gov",47534,"Masters",14,"Divorced","Exec-managerial","Not-in-family","White","Female",0,0,60,"United-States",">50K"
31,"Self-emp-not-inc",206609,"10th",6,"Never-married","Transport-moving","Not-in-family","White","Male",0,2205,60,"United-States","<=50K"
25,"Private",193787,"Some-college",10,"Never-married","Prof-specialty","Unmarried","White","Female",0,0,60,"United-States","<=50K"
60,"Federal-gov",38749,"Prof-school",15,"Married-civ-spouse","Prof-specialty","Husband","Asian-Pac-Islander","Male",99999,0,60,"Philippines",">50K"
41,"Private",165815,"Some-college",10,"Married-civ-spouse","Exec-managerial","Husband","White","Male",0,0,60,"United-States","<=50K"
52,"Private",279543,"Some-college",10,"Married-civ-spouse","Sales","Husband","White","Male",0,0,60,"Cuba",">50K"
39,"Private",181983,"Doctorate",16,"Divorced","Exec-managerial","Not-in-family","White","Female",0,2559,60,"England",">50K"
39,"Private",289890,"Bachelors",13,"Divorced","Sales","Not-in-family","White","Male",0,0,60,"United-States","<=50K"
53,"Private",173020,"Bachelors",13,"Married-civ-spouse","Exec-managerial","Husband","White","Male",0,0,60,"United-States",">50K"
24,"Private",177125,"Some-college",10,"Married-civ-spouse","Transport-moving","Husband","White","Male",0,0,60,"United-States","<=50K"
39,"Private",140854,"HS-grad",9,"Married-civ-spouse","Transport-moving","Husband","White","Male",0,1902,60,"United-States",">50K"
52,"Private",279129,"Masters",14,"Married-civ-spouse","Exec-managerial","Husband","White","Male",0,0,60,"United-States",">50K"
36,"Private",334365,"11th",7,"Married-civ-spouse","Transport-moving","Husband","White","Male",0,0,60,"United-States","<=50K"
65,"Private",220788,"Masters",14,"Never-married","Prof-specialty","Not-in-family","White","Male",0,0,60,"United-States","<=50K"
43,"Private",282678,"HS-grad",9,"Divorced","Exec-managerial","Not-in-family","White","Female",0,0,60,"United-States","<=50K"
39,"Self-emp-not-inc",183081,"Masters",14,"Never-married","Sales","Not-in-family","White","Male",0,0,60,"United-States",">50K"
38,"Self-emp-not-inc",331374,"11th",7,"Married-civ-spouse","Other-service","Husband","White","Male",0,0,60,"United-States","<=50K"
57,"Self-emp-not-inc",256630,"Bachelors",13,"Divorced","Sales","Not-in-family","White","Male",0,0,60,"Canada",">50K"
61,"State-gov",205482,"HS-grad",9,"Married-spouse-absent","Transport-moving","Not-in-family","White","Female",0,0,60,"United-States","<=50K"
20,"?",172232,"Some-college",10,"Never-married","?","Own-child","White","Male",0,0,60,"United-States","<=50K"
41,"Self-emp-not-inc",129865,"HS-grad",9,"Married-civ-spouse","Other-service","Husband","White","Male",0,0,60,"United-States","<=50K"
43,"Self-emp-not-inc",349341,"Bachelors",13,"Divorced","Exec-managerial","Not-in-family","White","Male",0,0,60,"United-States","<=50K"
26,"Private",386585,"Some-college",10,"Divorced","Tech-support","Not-in-family","White","Male",0,0,60,"United-States","<=50K"
62,"State-gov",33142,"Masters",14,"Married-civ-spouse","Prof-specialty","Husband","White","Male",0,0,60,"United-States",">50K"
65,"Self-emp-inc",139272,"Bachelors",13,"Married-civ-spouse","Sales","Husband","White","Male",99999,0,60,"United-States",">50K"
23,"Self-emp-not-inc",282604,"11th",7,"Married-civ-spouse","Transport-moving","Husband","White","Male",7688,0,60,"United-States",">50K"
36,"Self-emp-not-inc",64875,"Assoc-voc",11,"Married-civ-spouse","Tech-support","Husband","White","Male",0,0,60,"United-States","<=50K"
26,"Private",256000,"Prof-school",15,"Married-civ-spouse","Prof-specialty","Husband","White","Male",99999,0,60,"United-States",">50K"
50,"Private",108435,"Masters",14,"Married-civ-spouse","Exec-managerial","Husband","White","Male",99999,0,60,"United-States",">50K"
28,"Private",54243,"HS-grad",9,"Divorced","Transport-moving","Not-in-family","White","Male",0,0,60,"United-States","<=50K"
23,"State-gov",101094,"Some-college",10,"Never-married","Protective-serv","Own-child","White","Male",0,0,60,"United-States","<=50K"
55,"Self-emp-inc",67433,"HS-grad",9,"Married-civ-spouse","Exec-managerial","Husband","White","Male",0,0,60,"United-States","<=50K"
20,"Private",34590,"Some-college",10,"Never-married","Farming-fishing","Own-child","White","Male",0,0,60,"United-States","<=50K"
34,"Private",159255,"HS-grad",9,"Married-civ-spouse","Exec-managerial","Husband","White","Male",0,0,60,"United-States",">50K"
28,"Private",302406,"Prof-school",15,"Never-married","Prof-specialty","Not-in-family","White","Male",0,0,60,"United-States","<=50K"
46,"Self-emp-not-inc",342907,"HS-grad",9,"Married-civ-spouse","Sales","Husband","Black","Male",0,0,60,"United-States",">50K"
32,"Private",316470,"5th-6th",3,"Married-civ-spouse","Craft-repair","Husband","White","Male",0,0,60,"Mexico","<=50K"
42,"Local-gov",100793,"Bachelors",13,"Married-civ-spouse","Prof-specialty","Husband","White","Male",0,0,60,"United-States",">50K"
19,"Self-emp-inc",164658,"Some-college",10,"Never-married","Farming-fishing","Own-child","White","Male",0,0,60,"United-States","<=50K"
24,"Self-emp-not-inc",204209,"Some-college",10,"Never-married","Farming-fishing","Own-child","White","Male",0,0,60,"United-States","<=50K"
39,"Self-emp-not-inc",208109,"HS-grad",9,"Married-civ-spouse","Transport-moving","Husband","White","Male",0,0,60,"United-States",">50K"
39,"Self-emp-not-inc",83242,"Some-college",10,"Married-civ-spouse","Farming-fishing","Husband","White","Male",0,0,60,"United-States","<=50K"
21,"Private",122322,"Some-college",10,"Never-married","Other-service","Own-child","White","Female",0,0,60,"United-States","<=50K"
45,"Private",175925,"Some-college",10,"Married-civ-spouse","Exec-managerial","Husband","White","Male",0,0,60,"United-States",">50K"
50,"Self-emp-not-inc",64667,"HS-grad",9,"Divorced","Prof-specialty","Not-in-family","Asian-Pac-Islander","Female",0,0,60,"Vietnam","<=50K"
55,"Federal-gov",35723,"Masters",14,"Married-civ-spouse","Exec-managerial","Husband","White","Male",0,0,60,"United-States",">50K"
60,"Private",151369,"Masters",14,"Married-civ-spouse","Exec-managerial","Husband","White","Male",0,0,60,"United-States",">50K"
48,"Self-emp-not-inc",246891,"Prof-school",15,"Married-civ-spouse","Craft-repair","Husband","White","Male",0,0,60,"United-States","<=50K"
42,"Self-emp-inc",23510,"Masters",14,"Divorced","Exec-managerial","Unmarried","Asian-Pac-Islander","Male",0,2201,60,"India",">50K"
30,"Private",167990,"Prof-school",15,"Married-civ-spouse","Prof-specialty","Husband","White","Male",0,0,60,"United-States",">50K"
44,"Private",151089,"Masters",14,"Married-civ-spouse","Prof-specialty","Husband","White","Male",0,1887,60,"United-States",">50K"
57,"Self-emp-inc",103948,"Bachelors",13,"Divorced","Prof-specialty","Not-in-family","White","Male",0,0,80,"United-States","<=50K"
49,"Private",175958,"Some-college",10,"Married-civ-spouse","Sales","Husband","White","Male",0,0,80,"United-States",">50K"
35,"Private",199352,"Prof-school",15,"Married-civ-spouse","Prof-specialty","Husband","White","Male",0,1977,80,"United-States",">50K"
45,"Federal-gov",320818,"HS-grad",9,"Married-civ-spouse","Adm-clerical","Husband","Black","Male",0,0,80,"United-States",">50K"
28,"Private",150296,"Assoc-acdm",12,"Never-married","Other-service","Not-in-family","White","Female",0,0,80,"United-States","<=50K"
37,"Self-emp-inc",395831,"Bachelors",13,"Married-civ-spouse","Exec-managerial","Husband","White","Male",0,0,80,"United-States",">50K"
20,"Self-emp-not-inc",211466,"HS-grad",9,"Never-married","Transport-moving","Own-child","White","Male",0,0,80,"United-States","<=50K"
57,"Private",195176,"Masters",14,"Never-married","Prof-specialty","Not-in-family","White","Male",0,0,80,"United-States","<=50K"
31,"Private",170430,"Prof-school",15,"Never-married","Prof-specialty","Not-in-family","White","Female",0,0,80,"?","<=50K"
48,"Self-emp-inc",26145,"10th",6,"Married-civ-spouse","Farming-fishing","Husband","White","Male",0,0,80,"United-States","<=50K"
42,"Self-emp-not-inc",157562,"Bachelors",13,"Married-civ-spouse","Farming-fishing","Husband","White","Male",0,1902,80,"United-States",">50K"
56,"Private",318450,"Masters",14,"Married-civ-spouse","Adm-clerical","Husband","White","Male",0,0,80,"United-States",">50K"
35,"Private",278403,"Prof-school",15,"Married-civ-spouse","Prof-specialty","Husband","White","Male",0,0,80,"United-States",">50K"
44,"Self-emp-not-inc",89172,"Bachelors",13,"Married-civ-spouse","Prof-specialty","Husband","White","Male",0,0,80,"United-States","<=50K"
35,"Local-gov",668319,"Bachelors",13,"Married-civ-spouse","Exec-managerial","Husband","White","Male",0,1740,80,"United-States","<=50K"
44,"Self-emp-not-inc",361280,"Some-college",10,"Married-civ-spouse","Sales","Husband","Asian-Pac-Islander","Male",0,0,80,"Philippines",">50K"
29,"Private",95423,"HS-grad",9,"Married-AF-spouse","Transport-moving","Husband","White","Male",0,0,80,"United-States","<=50K"
44,"Private",75012,"HS-grad",9,"Married-civ-spouse","Farming-fishing","Husband","White","Male",0,0,80,"United-States","<=50K"
48,"Self-emp-inc",213140,"HS-grad",9,"Married-civ-spouse","Exec-managerial","Husband","White","Male",0,0,80,"United-States","<=50K"
51,"Self-emp-not-inc",124963,"Prof-school",15,"Divorced","Prof-specialty","Not-in-family","White","Male",0,0,80,"United-States",">50K"
45,"Self-emp-not-inc",210364,"HS-grad",9,"Married-civ-spouse","Sales","Husband","White","Male",15024,0,80,"United-States",">50K"
41,"Private",274363,"Some-college",10,"Separated","Sales","Not-in-family","White","Male",0,0,80,"United-States",">50K"
39,"Private",139906,"HS-grad",9,"Divorced","Other-service","Unmarried","White","Female",0,0,81,"United-States","<=50K"
51,"Self-emp-inc",258735,"HS-grad",9,"Divorced","Protective-serv","Not-in-family","White","Male",0,0,81,"United-States","<=50K"
55,"Private",199763,"HS-grad",9,"Separated","Protective-serv","Not-in-family","White","Male",0,0,81,"United-States","<=50K"
61,"Private",28291,"HS-grad",9,"Divorced","Farming-fishing","Not-in-family","White","Female",0,0,82,"United-States","<=50K"
51,"Self-emp-not-inc",136708,"HS-grad",9,"Married-civ-spouse","Sales","Husband","Asian-Pac-Islander","Male",3103,0,84,"Vietnam","<=50K"
32,"Private",224462,"HS-grad",9,"Married-civ-spouse","Transport-moving","Husband","White","Male",0,0,84,"United-States",">50K"
50,"Private",158948,"HS-grad",9,"Married-civ-spouse","Prof-specialty","Husband","White","Male",0,0,84,"United-States","<=50K"
40,"State-gov",23037,"Some-college",10,"Never-married","Other-service","Own-child","Amer-Indian-Eskimo","Male",0,0,84,"United-States","<=50K"
43,"State-gov",145166,"Some-college",10,"Married-civ-spouse","Transport-moving","Husband","White","Male",0,0,84,"United-States","<=50K"
41,"Private",22419,"9th",5,"Married-civ-spouse","Exec-managerial","Husband","Amer-Indian-Eskimo","Male",0,0,84,"United-States","<=50K"
57,"Private",259010,"Some-college",10,"Married-civ-spouse","Transport-moving","Husband","White","Male",0,0,84,"United-States","<=50K"
58,"Self-emp-not-inc",189528,"HS-grad",9,"Married-civ-spouse","Sales","Husband","White","Male",0,0,84,"United-States","<=50K"
35,"Self-emp-not-inc",263081,"Some-college",10,"Never-married","Other-service","Not-in-family","Black","Male",0,0,84,"United-States","<=50K"
60,"Private",124198,"Bachelors",13,"Married-civ-spouse","Prof-specialty","Husband","White","Male",4386,0,84,"United-States",">50K"
34,"Private",156464,"Bachelors",13,"Divorced","Exec-managerial","Not-in-family","White","Male",0,0,85,"England",">50K"
36,"Private",147548,"HS-grad",9,"Married-civ-spouse","Machine-op-inspct","Husband","White","Male",0,0,85,"United-States","<=50K"
47,"Private",159726,"HS-grad",9,"Married-civ-spouse","Transport-moving","Husband","White","Male",0,0,85,"United-States",">50K"
31,"Private",159589,"HS-grad",9,"Never-married","Other-service","Not-in-family","White","Male",0,0,85,"United-States","<=50K"
30,"Self-emp-not-inc",182089,"HS-grad",9,"Married-civ-spouse","Farming-fishing","Husband","White","Male",0,0,85,"United-States","<=50K"
66,"Self-emp-inc",74263,"HS-grad",9,"Widowed","Exec-managerial","Not-in-family","White","Male",0,0,86,"United-States",">50K"
34,"Private",235271,"Some-college",10,"Never-married","Machine-op-inspct","Own-child","White","Male",0,0,86,"United-States",">50K"
47,"Self-emp-not-inc",28035,"Some-college",10,"Married-civ-spouse","Farming-fishing","Husband","White","Male",0,0,86,"United-States","<=50K"
37,"Self-emp-not-inc",154641,"HS-grad",9,"Never-married","Farming-fishing","Not-in-family","White","Male",0,0,86,"United-States","<=50K"
33,"Private",86492,"HS-grad",9,"Never-married","Transport-moving","Not-in-family","White","Male",0,0,87,"United-States","<=50K"
43,"Self-emp-inc",198871,"Assoc-voc",11,"Married-civ-spouse","Farming-fishing","Husband","White","Male",0,0,88,"United-States","<=50K"
33,"Private",496743,"HS-grad",9,"Married-civ-spouse","Prof-specialty","Husband","White","Male",0,0,88,"United-States","<=50K"
44,"Self-emp-not-inc",315406,"11th",7,"Married-civ-spouse","Farming-fishing","Husband","White","Male",0,0,88,"United-States","<=50K"
27,"Private",133696,"Some-college",10,"Married-civ-spouse","Prof-specialty","Husband","White","Male",0,0,88,"United-States","<=50K"
36,"State-gov",437890,"HS-grad",9,"Never-married","Exec-managerial","Unmarried","Black","Male",0,0,90,"United-States","<=50K"
35,"Self-emp-not-inc",61343,"HS-grad",9,"Married-civ-spouse","Craft-repair","Husband","White","Male",0,0,90,"United-States","<=50K"
61,"Self-emp-not-inc",224784,"Assoc-acdm",12,"Married-spouse-absent","Exec-managerial","Not-in-family","White","Female",0,0,90,"United-States","<=50K"
56,"Self-emp-not-inc",144351,"HS-grad",9,"Married-civ-spouse","Transport-moving","Husband","White","Male",0,0,90,"United-States","<=50K"
42,"Local-gov",125155,"HS-grad",9,"Married-civ-spouse","Protective-serv","Husband","White","Male",0,0,90,"United-States","<=50K"
31,"Private",150309,"Doctorate",16,"Married-civ-spouse","Prof-specialty","Wife","White","Female",0,0,90,"United-States","<=50K"
41,"Private",124956,"Bachelors",13,"Divorced","Exec-managerial","Unmarried","Black","Female",0,0,90,"United-States",">50K"
49,"Private",64216,"HS-grad",9,"Divorced","Transport-moving","Not-in-family","White","Male",0,0,90,"United-States","<=50K"
34,"Self-emp-not-inc",254304,"HS-grad",9,"Married-civ-spouse","Farming-fishing","Husband","White","Male",4508,0,90,"United-States","<=50K"
31,"Local-gov",192565,"Masters",14,"Married-civ-spouse","Prof-specialty","Husband","White","Male",0,0,90,"United-States",">50K"
42,"Self-emp-inc",78765,"Some-college",10,"Divorced","Exec-managerial","Unmarried","White","Male",0,0,90,"United-States",">50K"
52,"Self-emp-inc",68015,"Some-college",10,"Married-civ-spouse","Sales","Husband","White","Male",0,0,90,"United-States",">50K"
61,"?",158712,"HS-grad",9,"Divorced","?","Not-in-family","White","Female",0,0,99,"United-States","<=50K"
31,"Private",178370,"HS-grad",9,"Divorced","Other-service","Unmarried","White","Female",0,0,99,"United-States",">50K"
51,"Self-emp-not-inc",32372,"12th",8,"Married-civ-spouse","Other-service","Husband","White","Male",0,0,99,"United-States","<=50K"
43,"Local-gov",118853,"Some-college",10,"Married-civ-spouse","Tech-support","Husband","White","Male",4386,0,99,"United-States",">50K"
40,"Private",25005,"Bachelors",13,"Married-civ-spouse","Prof-specialty","Husband","White","Male",15024,0,99,"United-States",">50K"
51,"Self-emp-not-inc",24790,"Some-college",10,"Married-civ-spouse","Exec-managerial","Husband","White","Male",0,0,99,"United-States",">50K"
31,"Private",33124,"Prof-school",15,"Never-married","Prof-specialty","Not-in-family","White","Female",0,0,99,"United-States","<=50K"
42,"Self-emp-not-inc",39539,"HS-grad",9,"Married-civ-spouse","Farming-fishing","Husband","White","Male",0,0,99,"United-States",">50K"
40,"Self-emp-inc",104235,"Masters",14,"Never-married","Other-service","Own-child","White","Male",0,0,99,"United-States","<=50K"
43,"Private",266324,"HS-grad",9,"Married-civ-spouse","Craft-repair","Husband","White","Male",0,1902,99,"United-States",">50K"
